,drug,HC03_VC195,HC03_VC194,HC03_VC193,HC03_VC192,HC03_VC191,HC03_VC190,HC03_VC189,HC03_VC188,HC03_VC187,HC03_VC186,HC03_VC185,HC03_VC181,HC03_VC180,HC03_VC179
0,high,HC03_VC195_1,HC03_VC194_3,HC03_VC193_3,HC03_VC192_1,HC03_VC191_1,HC03_VC190_3,HC03_VC189_1,HC03_VC188_2,HC03_VC187_1,HC03_VC186_1,HC03_VC185_4,HC03_VC181_2,HC03_VC180_3,HC03_VC179_2
1,high,HC03_VC195_1,HC03_VC194_1,HC03_VC193_2,HC03_VC192_2,HC03_VC191_4,HC03_VC190_3,HC03_VC189_1,HC03_VC188_1,HC03_VC187_1,HC03_VC186_4,HC03_VC185_1,HC03_VC181_1,HC03_VC180_1,HC03_VC179_1
2,high,HC03_VC195_2,HC03_VC194_4,HC03_VC193_4,HC03_VC192_4,HC03_VC191_4,HC03_VC190_4,HC03_VC189_3,HC03_VC188_3,HC03_VC187_3,HC03_VC186_1,HC03_VC185_3,HC03_VC181_2,HC03_VC180_3,HC03_VC179_2
3,high,HC03_VC195_1,HC03_VC194_1,HC03_VC193_1,HC03_VC192_1,HC03_VC191_2,HC03_VC190_2,HC03_VC189_1,HC03_VC188_1,HC03_VC187_1,HC03_VC186_4,HC03_VC185_1,HC03_VC181_1,HC03_VC180_1,HC03_VC179_2
4,high,HC03_VC195_4,HC03_VC194_3,HC03_VC193_4,HC03_VC192_3,HC03_VC191_2,HC03_VC190_4,HC03_VC189_3,HC03_VC188_3,HC03_VC187_1,HC03_VC186_1,HC03_VC185_4,HC03_VC181_1,HC03_VC180_2,HC03_VC179_2
5,high,HC03_VC195_4,HC03_VC194_3,HC03_VC193_4,HC03_VC192_4,HC03_VC191_3,HC03_VC190_3,HC03_VC189_1,HC03_VC188_3,HC03_VC187_2,HC03_VC186_1,HC03_VC185_3,HC03_VC181_2,HC03_VC180_3,HC03_VC179_2
6,high,HC03_VC195_1,HC03_VC194_2,HC03_VC193_2,HC03_VC192_2,HC03_VC191_1,HC03_VC190_1,HC03_VC189_3,HC03_VC188_1,HC03_VC187_1,HC03_VC186_3,HC03_VC185_2,HC03_VC181_2,HC03_VC180_2,HC03_VC179_2
7,high,HC03_VC195_4,HC03_VC194_3,HC03_VC193_4,HC03_VC192_4,HC03_VC191_3,HC03_VC190_3,HC03_VC189_3,HC03_VC188_3,HC03_VC187_1,HC03_VC186_1,HC03_VC185_2,HC03_VC181_2,HC03_VC180_1,HC03_VC179_3
8,high,HC03_VC195_4,HC03_VC194_4,HC03_VC193_2,HC03_VC192_4,HC03_VC191_3,HC03_VC190_4,HC03_VC189_1,HC03_VC188_2,HC03_VC187_3,HC03_VC186_1,HC03_VC185_4,HC03_VC181_2,HC03_VC180_3,HC03_VC179_3
9,high,HC03_VC195_2,HC03_VC194_1,HC03_VC193_2,HC03_VC192_1,HC03_VC191_3,HC03_VC190_1,HC03_VC189_1,HC03_VC188_2,HC03_VC187_1,HC03_VC186_3,HC03_VC185_2,HC03_VC181_1,HC03_VC180_1,HC03_VC179_2
10,high,HC03_VC195_1,HC03_VC194_2,HC03_VC193_2,HC03_VC192_3,HC03_VC191_4,HC03_VC190_4,HC03_VC189_2,HC03_VC188_1,HC03_VC187_1,HC03_VC186_4,HC03_VC185_1,HC03_VC181_1,HC03_VC180_1,HC03_VC179_1
11,high,HC03_VC195_3,HC03_VC194_4,HC03_VC193_4,HC03_VC192_4,HC03_VC191_1,HC03_VC190_2,HC03_VC189_3,HC03_VC188_3,HC03_VC187_2,HC03_VC186_1,HC03_VC185_3,HC03_VC181_1,HC03_VC180_1,HC03_VC179_2
12,high,HC03_VC195_4,HC03_VC194_2,HC03_VC193_2,HC03_VC192_2,HC03_VC191_4,HC03_VC190_1,HC03_VC189_3,HC03_VC188_3,HC03_VC187_1,HC03_VC186_3,HC03_VC185_2,HC03_VC181_1,HC03_VC180_1,HC03_VC179_2
13,high,HC03_VC195_3,HC03_VC194_4,HC03_VC193_1,HC03_VC192_3,HC03_VC191_1,HC03_VC190_3,HC03_VC189_1,HC03_VC188_2,HC03_VC187_2,HC03_VC186_1,HC03_VC185_3,HC03_VC181_2,HC03_VC180_3,HC03_VC179_3
14,high,HC03_VC195_4,HC03_VC194_2,HC03_VC193_2,HC03_VC192_1,HC03_VC191_1,HC03_VC190_3,HC03_VC189_2,HC03_VC188_3,HC03_VC187_3,HC03_VC186_2,HC03_VC185_3,HC03_VC181_2,HC03_VC180_3,HC03_VC179_2
15,high,HC03_VC195_1,HC03_VC194_3,HC03_VC193_2,HC03_VC192_3,HC03_VC191_1,HC03_VC190_3,HC03_VC189_1,HC03_VC188_2,HC03_VC187_3,HC03_VC186_2,HC03_VC185_3,HC03_VC181_2,HC03_VC180_3,HC03_VC179_2
16,high,HC03_VC195_4,HC03_VC194_4,HC03_VC193_3,HC03_VC192_3,HC03_VC191_1,HC03_VC190_3,HC03_VC189_3,HC03_VC188_3,HC03_VC187_2,HC03_VC186_1,HC03_VC185_3,HC03_VC181_2,HC03_VC180_2,HC03_VC179_2
17,high,HC03_VC195_1,HC03_VC194_2,HC03_VC193_1,HC03_VC192_1,HC03_VC191_3,HC03_VC190_2,HC03_VC189_2,HC03_VC188_1,HC03_VC187_1,HC03_VC186_4,HC03_VC185_1,HC03_VC181_1,HC03_VC180_1,HC03_VC179_1
18,high,HC03_VC195_4,HC03_VC194_4,HC03_VC193_3,HC03_VC192_2,HC03_VC191_4,HC03_VC190_2,HC03_VC189_1,HC03_VC188_3,HC03_VC187_3,HC03_VC186_2,HC03_VC185_4,HC03_VC181_2,HC03_VC180_1,HC03_VC179_2
19,high,HC03_VC195_4,HC03_VC194_4,HC03_VC193_3,HC03_VC192_4,HC03_VC191_1,HC03_VC190_4,HC03_VC189_3,HC03_VC188_3,HC03_VC187_3,HC03_VC186_1,HC03_VC185_3,HC03_VC181_2,HC03_VC180_3,HC03_VC179_3
20,high,HC03_VC195_3,HC03_VC194_4,HC03_VC193_4,HC03_VC192_4,HC03_VC191_4,HC03_VC190_4,HC03_VC189_3,HC03_VC188_3,HC03_VC187_2,HC03_VC186_1,HC03_VC185_3,HC03_VC181_2,HC03_VC180_2,HC03_VC179_3
21,high,HC03_VC195_1,HC03_VC194_2,HC03_VC193_3,HC03_VC192_2,HC03_VC191_2,HC03_VC190_4,HC03_VC189_3,HC03_VC188_3,HC03_VC187_2,HC03_VC186_1,HC03_VC185_4,HC03_VC181_1,HC03_VC180_1,HC03_VC179_1
22,high,HC03_VC195_1,HC03_VC194_3,HC03_VC193_1,HC03_VC192_2,HC03_VC191_2,HC03_VC190_3,HC03_VC189_1,HC03_VC188_2,HC03_VC187_2,HC03_VC186_1,HC03_VC185_4,HC03_VC181_2,HC03_VC180_3,HC03_VC179_2
23,high,HC03_VC195_4,HC03_VC194_3,HC03_VC193_4,HC03_VC192_4,HC03_VC191_4,HC03_VC190_2,HC03_VC189_3,HC03_VC188_3,HC03_VC187_2,HC03_VC186_1,HC03_VC185_3,HC03_VC181_2,HC03_VC180_2,HC03_VC179_1
24,high,HC03_VC195_1,HC03_VC194_1,HC03_VC193_1,HC03_VC192_1,HC03_VC191_3,HC03_VC190_1,HC03_VC189_3,HC03_VC188_2,HC03_VC187_3,HC03_VC186_4,HC03_VC185_2,HC03_VC181_1,HC03_VC180_2,HC03_VC179_3
25,high,HC03_VC195_3,HC03_VC194_4,HC03_VC193_4,HC03_VC192_4,HC03_VC191_4,HC03_VC190_4,HC03_VC189_2,HC03_VC188_3,HC03_VC187_2,HC03_VC186_1,HC03_VC185_3,HC03_VC181_2,HC03_VC180_3,HC03_VC179_1
26,high,HC03_VC195_3,HC03_VC194_2,HC03_VC193_3,HC03_VC192_3,HC03_VC191_2,HC03_VC190_3,HC03_VC189_1,HC03_VC188_2,HC03_VC187_1,HC03_VC186_3,HC03_VC185_2,HC03_VC181_2,HC03_VC180_2,HC03_VC179_3
27,high,HC03_VC195_2,HC03_VC194_4,HC03_VC193_4,HC03_VC192_2,HC03_VC191_3,HC03_VC190_3,HC03_VC189_3,HC03_VC188_3,HC03_VC187_1,HC03_VC186_1,HC03_VC185_3,HC03_VC181_1,HC03_VC180_1,HC03_VC179_2
28,high,HC03_VC195_3,HC03_VC194_4,HC03_VC193_3,HC03_VC192_4,HC03_VC191_3,HC03_VC190_3,HC03_VC189_3,HC03_VC188_3,HC03_VC187_2,HC03_VC186_1,HC03_VC185_4,HC03_VC181_2,HC03_VC180_2,HC03_VC179_3
29,high,HC03_VC195_3,HC03_VC194_3,HC03_VC193_3,HC03_VC192_3,HC03_VC191_2,HC03_VC190_3,HC03_VC189_3,HC03_VC188_2,HC03_VC187_1,HC03_VC186_1,HC03_VC185_2,HC03_VC181_1,HC03_VC180_2,HC03_VC179_3
30,high,HC03_VC195_1,HC03_VC194_1,HC03_VC193_1,HC03_VC192_1,HC03_VC191_3,HC03_VC190_1,HC03_VC189_1,HC03_VC188_1,HC03_VC187_2,HC03_VC186_4,HC03_VC185_1,HC03_VC181_2,HC03_VC180_2,HC03_VC179_2
31,high,HC03_VC195_4,HC03_VC194_4,HC03_VC193_3,HC03_VC192_4,HC03_VC191_2,HC03_VC190_3,HC03_VC189_3,HC03_VC188_3,HC03_VC187_2,HC03_VC186_1,HC03_VC185_4,HC03_VC181_2,HC03_VC180_2,HC03_VC179_2
32,high,HC03_VC195_1,HC03_VC194_1,HC03_VC193_1,HC03_VC192_1,HC03_VC191_3,HC03_VC190_2,HC03_VC189_2,HC03_VC188_1,HC03_VC187_1,HC03_VC186_4,HC03_VC185_1,HC03_VC181_1,HC03_VC180_1,HC03_VC179_2
33,high,HC03_VC195_4,HC03_VC194_4,HC03_VC193_1,HC03_VC192_3,HC03_VC191_3,HC03_VC190_3,HC03_VC189_3,HC03_VC188_2,HC03_VC187_1,HC03_VC186_1,HC03_VC185_2,HC03_VC181_2,HC03_VC180_3,HC03_VC179_2
34,high,HC03_VC195_1,HC03_VC194_2,HC03_VC193_1,HC03_VC192_2,HC03_VC191_2,HC03_VC190_2,HC03_VC189_1,HC03_VC188_1,HC03_VC187_1,HC03_VC186_2,HC03_VC185_1,HC03_VC181_1,HC03_VC180_1,HC03_VC179_1
35,high,HC03_VC195_1,HC03_VC194_4,HC03_VC193_3,HC03_VC192_4,HC03_VC191_4,HC03_VC190_4,HC03_VC189_2,HC03_VC188_2,HC03_VC187_1,HC03_VC186_4,HC03_VC185_1,HC03_VC181_1,HC03_VC180_1,HC03_VC179_1
36,high,HC03_VC195_1,HC03_VC194_4,HC03_VC193_4,HC03_VC192_4,HC03_VC191_2,HC03_VC190_4,HC03_VC189_1,HC03_VC188_3,HC03_VC187_3,HC03_VC186_1,HC03_VC185_4,HC03_VC181_2,HC03_VC180_3,HC03_VC179_3
37,high,HC03_VC195_1,HC03_VC194_4,HC03_VC193_4,HC03_VC192_4,HC03_VC191_4,HC03_VC190_4,HC03_VC189_3,HC03_VC188_3,HC03_VC187_3,HC03_VC186_1,HC03_VC185_4,HC03_VC181_2,HC03_VC180_3,HC03_VC179_3
38,high,HC03_VC195_1,HC03_VC194_1,HC03_VC193_2,HC03_VC192_1,HC03_VC191_2,HC03_VC190_2,HC03_VC189_1,HC03_VC188_2,HC03_VC187_1,HC03_VC186_3,HC03_VC185_1,HC03_VC181_1,HC03_VC180_2,HC03_VC179_1
39,high,HC03_VC195_1,HC03_VC194_2,HC03_VC193_1,HC03_VC192_1,HC03_VC191_1,HC03_VC190_3,HC03_VC189_1,HC03_VC188_1,HC03_VC187_1,HC03_VC186_2,HC03_VC185_2,HC03_VC181_1,HC03_VC180_1,HC03_VC179_1
40,high,HC03_VC195_2,HC03_VC194_1,HC03_VC193_1,HC03_VC192_3,HC03_VC191_4,HC03_VC190_1,HC03_VC189_1,HC03_VC188_1,HC03_VC187_1,HC03_VC186_3,HC03_VC185_1,HC03_VC181_1,HC03_VC180_1,HC03_VC179_1
41,high,HC03_VC195_1,HC03_VC194_3,HC03_VC193_2,HC03_VC192_2,HC03_VC191_2,HC03_VC190_1,HC03_VC189_1,HC03_VC188_2,HC03_VC187_2,HC03_VC186_1,HC03_VC185_3,HC03_VC181_1,HC03_VC180_2,HC03_VC179_1
42,high,HC03_VC195_2,HC03_VC194_2,HC03_VC193_3,HC03_VC192_3,HC03_VC191_1,HC03_VC190_3,HC03_VC189_1,HC03_VC188_2,HC03_VC187_2,HC03_VC186_2,HC03_VC185_3,HC03_VC181_2,HC03_VC180_3,HC03_VC179_2
43,high,HC03_VC195_2,HC03_VC194_1,HC03_VC193_1,HC03_VC192_1,HC03_VC191_3,HC03_VC190_1,HC03_VC189_2,HC03_VC188_1,HC03_VC187_1,HC03_VC186_2,HC03_VC185_1,HC03_VC181_1,HC03_VC180_1,HC03_VC179_1
44,high,HC03_VC195_1,HC03_VC194_1,HC03_VC193_3,HC03_VC192_3,HC03_VC191_2,HC03_VC190_1,HC03_VC189_2,HC03_VC188_1,HC03_VC187_3,HC03_VC186_2,HC03_VC185_3,HC03_VC181_2,HC03_VC180_3,HC03_VC179_2
45,high,HC03_VC195_1,HC03_VC194_2,HC03_VC193_2,HC03_VC192_2,HC03_VC191_2,HC03_VC190_1,HC03_VC189_1,HC03_VC188_1,HC03_VC187_1,HC03_VC186_3,HC03_VC185_1,HC03_VC181_1,HC03_VC180_1,HC03_VC179_1
46,high,HC03_VC195_1,HC03_VC194_4,HC03_VC193_3,HC03_VC192_4,HC03_VC191_3,HC03_VC190_4,HC03_VC189_2,HC03_VC188_2,HC03_VC187_3,HC03_VC186_1,HC03_VC185_3,HC03_VC181_2,HC03_VC180_2,HC03_VC179_2
47,high,HC03_VC195_3,HC03_VC194_3,HC03_VC193_1,HC03_VC192_4,HC03_VC191_1,HC03_VC190_3,HC03_VC189_2,HC03_VC188_2,HC03_VC187_2,HC03_VC186_1,HC03_VC185_2,HC03_VC181_2,HC03_VC180_3,HC03_VC179_3
48,high,HC03_VC195_3,HC03_VC194_4,HC03_VC193_3,HC03_VC192_3,HC03_VC191_3,HC03_VC190_4,HC03_VC189_3,HC03_VC188_2,HC03_VC187_3,HC03_VC186_1,HC03_VC185_2,HC03_VC181_2,HC03_VC180_3,HC03_VC179_3
49,high,HC03_VC195_1,HC03_VC194_1,HC03_VC193_1,HC03_VC192_3,HC03_VC191_4,HC03_VC190_2,HC03_VC189_2,HC03_VC188_1,HC03_VC187_1,HC03_VC186_4,HC03_VC185_1,HC03_VC181_1,HC03_VC180_1,HC03_VC179_1
50,high,HC03_VC195_2,HC03_VC194_1,HC03_VC193_4,HC03_VC192_3,HC03_VC191_3,HC03_VC190_1,HC03_VC189_1,HC03_VC188_2,HC03_VC187_2,HC03_VC186_3,HC03_VC185_4,HC03_VC181_2,HC03_VC180_3,HC03_VC179_2
51,high,HC03_VC195_4,HC03_VC194_4,HC03_VC193_4,HC03_VC192_4,HC03_VC191_1,HC03_VC190_4,HC03_VC189_3,HC03_VC188_3,HC03_VC187_3,HC03_VC186_1,HC03_VC185_4,HC03_VC181_2,HC03_VC180_3,HC03_VC179_3
52,high,HC03_VC195_2,HC03_VC194_3,HC03_VC193_3,HC03_VC192_2,HC03_VC191_4,HC03_VC190_1,HC03_VC189_2,HC03_VC188_1,HC03_VC187_1,HC03_VC186_1,HC03_VC185_3,HC03_VC181_2,HC03_VC180_2,HC03_VC179_3
53,high,HC03_VC195_1,HC03_VC194_4,HC03_VC193_3,HC03_VC192_4,HC03_VC191_2,HC03_VC190_4,HC03_VC189_2,HC03_VC188_3,HC03_VC187_3,HC03_VC186_1,HC03_VC185_3,HC03_VC181_2,HC03_VC180_3,HC03_VC179_1
54,high,HC03_VC195_1,HC03_VC194_1,HC03_VC193_2,HC03_VC192_1,HC03_VC191_1,HC03_VC190_3,HC03_VC189_1,HC03_VC188_2,HC03_VC187_1,HC03_VC186_4,HC03_VC185_1,HC03_VC181_1,HC03_VC180_1,HC03_VC179_3
55,high,HC03_VC195_3,HC03_VC194_4,HC03_VC193_4,HC03_VC192_2,HC03_VC191_4,HC03_VC190_2,HC03_VC189_3,HC03_VC188_3,HC03_VC187_3,HC03_VC186_2,HC03_VC185_3,HC03_VC181_2,HC03_VC180_3,HC03_VC179_2
56,high,HC03_VC195_2,HC03_VC194_3,HC03_VC193_3,HC03_VC192_4,HC03_VC191_1,HC03_VC190_3,HC03_VC189_2,HC03_VC188_2,HC03_VC187_2,HC03_VC186_1,HC03_VC185_2,HC03_VC181_2,HC03_VC180_2,HC03_VC179_2
57,high,HC03_VC195_1,HC03_VC194_3,HC03_VC193_3,HC03_VC192_2,HC03_VC191_1,HC03_VC190_4,HC03_VC189_3,HC03_VC188_2,HC03_VC187_2,HC03_VC186_4,HC03_VC185_3,HC03_VC181_2,HC03_VC180_3,HC03_VC179_2
58,high,HC03_VC195_1,HC03_VC194_3,HC03_VC193_2,HC03_VC192_2,HC03_VC191_1,HC03_VC190_4,HC03_VC189_2,HC03_VC188_2,HC03_VC187_2,HC03_VC186_2,HC03_VC185_3,HC03_VC181_1,HC03_VC180_1,HC03_VC179_2
59,high,HC03_VC195_4,HC03_VC194_4,HC03_VC193_3,HC03_VC192_3,HC03_VC191_1,HC03_VC190_3,HC03_VC189_2,HC03_VC188_3,HC03_VC187_3,HC03_VC186_1,HC03_VC185_2,HC03_VC181_1,HC03_VC180_2,HC03_VC179_2
60,high,HC03_VC195_2,HC03_VC194_2,HC03_VC193_1,HC03_VC192_1,HC03_VC191_1,HC03_VC190_2,HC03_VC189_2,HC03_VC188_1,HC03_VC187_1,HC03_VC186_2,HC03_VC185_1,HC03_VC181_2,HC03_VC180_2,HC03_VC179_2
61,high,HC03_VC195_1,HC03_VC194_2,HC03_VC193_3,HC03_VC192_4,HC03_VC191_4,HC03_VC190_1,HC03_VC189_2,HC03_VC188_1,HC03_VC187_1,HC03_VC186_4,HC03_VC185_1,HC03_VC181_1,HC03_VC180_1,HC03_VC179_2
62,high,HC03_VC195_3,HC03_VC194_2,HC03_VC193_3,HC03_VC192_2,HC03_VC191_1,HC03_VC190_1,HC03_VC189_3,HC03_VC188_3,HC03_VC187_3,HC03_VC186_3,HC03_VC185_3,HC03_VC181_1,HC03_VC180_2,HC03_VC179_2
63,high,HC03_VC195_3,HC03_VC194_1,HC03_VC193_1,HC03_VC192_2,HC03_VC191_1,HC03_VC190_1,HC03_VC189_1,HC03_VC188_2,HC03_VC187_2,HC03_VC186_3,HC03_VC185_2,HC03_VC181_2,HC03_VC180_1,HC03_VC179_2
64,high,HC03_VC195_4,HC03_VC194_3,HC03_VC193_2,HC03_VC192_3,HC03_VC191_1,HC03_VC190_4,HC03_VC189_2,HC03_VC188_2,HC03_VC187_3,HC03_VC186_2,HC03_VC185_4,HC03_VC181_2,HC03_VC180_3,HC03_VC179_2
65,high,HC03_VC195_4,HC03_VC194_4,HC03_VC193_3,HC03_VC192_2,HC03_VC191_3,HC03_VC190_4,HC03_VC189_3,HC03_VC188_3,HC03_VC187_2,HC03_VC186_2,HC03_VC185_2,HC03_VC181_2,HC03_VC180_3,HC03_VC179_2
66,high,HC03_VC195_1,HC03_VC194_2,HC03_VC193_1,HC03_VC192_1,HC03_VC191_1,HC03_VC190_3,HC03_VC189_3,HC03_VC188_1,HC03_VC187_2,HC03_VC186_4,HC03_VC185_2,HC03_VC181_1,HC03_VC180_1,HC03_VC179_1
67,high,HC03_VC195_3,HC03_VC194_4,HC03_VC193_1,HC03_VC192_4,HC03_VC191_2,HC03_VC190_3,HC03_VC189_2,HC03_VC188_2,HC03_VC187_3,HC03_VC186_1,HC03_VC185_3,HC03_VC181_2,HC03_VC180_3,HC03_VC179_3
68,high,HC03_VC195_1,HC03_VC194_1,HC03_VC193_1,HC03_VC192_2,HC03_VC191_4,HC03_VC190_2,HC03_VC189_2,HC03_VC188_1,HC03_VC187_2,HC03_VC186_4,HC03_VC185_1,HC03_VC181_1,HC03_VC180_1,HC03_VC179_1
69,high,HC03_VC195_3,HC03_VC194_3,HC03_VC193_3,HC03_VC192_4,HC03_VC191_2,HC03_VC190_2,HC03_VC189_3,HC03_VC188_3,HC03_VC187_3,HC03_VC186_2,HC03_VC185_2,HC03_VC181_2,HC03_VC180_3,HC03_VC179_3
70,high,HC03_VC195_1,HC03_VC194_2,HC03_VC193_2,HC03_VC192_3,HC03_VC191_3,HC03_VC190_3,HC03_VC189_2,HC03_VC188_2,HC03_VC187_1,HC03_VC186_4,HC03_VC185_1,HC03_VC181_1,HC03_VC180_1,HC03_VC179_1
71,high,HC03_VC195_3,HC03_VC194_3,HC03_VC193_4,HC03_VC192_2,HC03_VC191_3,HC03_VC190_1,HC03_VC189_1,HC03_VC188_3,HC03_VC187_2,HC03_VC186_2,HC03_VC185_3,HC03_VC181_2,HC03_VC180_2,HC03_VC179_2
72,high,HC03_VC195_3,HC03_VC194_1,HC03_VC193_1,HC03_VC192_2,HC03_VC191_3,HC03_VC190_3,HC03_VC189_2,HC03_VC188_2,HC03_VC187_2,HC03_VC186_2,HC03_VC185_2,HC03_VC181_2,HC03_VC180_3,HC03_VC179_1
73,high,HC03_VC195_3,HC03_VC194_4,HC03_VC193_3,HC03_VC192_3,HC03_VC191_2,HC03_VC190_3,HC03_VC189_3,HC03_VC188_3,HC03_VC187_3,HC03_VC186_1,HC03_VC185_3,HC03_VC181_2,HC03_VC180_3,HC03_VC179_3
74,high,HC03_VC195_1,HC03_VC194_2,HC03_VC193_1,HC03_VC192_1,HC03_VC191_1,HC03_VC190_2,HC03_VC189_1,HC03_VC188_2,HC03_VC187_2,HC03_VC186_4,HC03_VC185_3,HC03_VC181_2,HC03_VC180_2,HC03_VC179_2
75,high,HC03_VC195_4,HC03_VC194_2,HC03_VC193_4,HC03_VC192_1,HC03_VC191_1,HC03_VC190_4,HC03_VC189_3,HC03_VC188_3,HC03_VC187_3,HC03_VC186_1,HC03_VC185_4,HC03_VC181_2,HC03_VC180_3,HC03_VC179_3
76,high,HC03_VC195_2,HC03_VC194_2,HC03_VC193_1,HC03_VC192_2,HC03_VC191_3,HC03_VC190_1,HC03_VC189_1,HC03_VC188_2,HC03_VC187_2,HC03_VC186_3,HC03_VC185_1,HC03_VC181_2,HC03_VC180_2,HC03_VC179_2
77,high,HC03_VC195_4,HC03_VC194_1,HC03_VC193_3,HC03_VC192_2,HC03_VC191_3,HC03_VC190_2,HC03_VC189_2,HC03_VC188_3,HC03_VC187_3,HC03_VC186_3,HC03_VC185_3,HC03_VC181_2,HC03_VC180_3,HC03_VC179_1
78,high,HC03_VC195_1,HC03_VC194_1,HC03_VC193_3,HC03_VC192_3,HC03_VC191_4,HC03_VC190_1,HC03_VC189_3,HC03_VC188_1,HC03_VC187_1,HC03_VC186_4,HC03_VC185_1,HC03_VC181_1,HC03_VC180_2,HC03_VC179_2
79,high,HC03_VC195_3,HC03_VC194_4,HC03_VC193_1,HC03_VC192_4,HC03_VC191_2,HC03_VC190_4,HC03_VC189_3,HC03_VC188_3,HC03_VC187_3,HC03_VC186_1,HC03_VC185_4,HC03_VC181_2,HC03_VC180_2,HC03_VC179_3
80,high,HC03_VC195_3,HC03_VC194_1,HC03_VC193_2,HC03_VC192_1,HC03_VC191_2,HC03_VC190_1,HC03_VC189_1,HC03_VC188_2,HC03_VC187_2,HC03_VC186_2,HC03_VC185_2,HC03_VC181_2,HC03_VC180_2,HC03_VC179_2
81,high,HC03_VC195_1,HC03_VC194_4,HC03_VC193_2,HC03_VC192_3,HC03_VC191_1,HC03_VC190_4,HC03_VC189_2,HC03_VC188_2,HC03_VC187_2,HC03_VC186_3,HC03_VC185_3,HC03_VC181_1,HC03_VC180_1,HC03_VC179_1
82,high,HC03_VC195_2,HC03_VC194_2,HC03_VC193_2,HC03_VC192_2,HC03_VC191_1,HC03_VC190_1,HC03_VC189_2,HC03_VC188_3,HC03_VC187_1,HC03_VC186_1,HC03_VC185_2,HC03_VC181_2,HC03_VC180_1,HC03_VC179_2
83,high,HC03_VC195_2,HC03_VC194_1,HC03_VC193_2,HC03_VC192_2,HC03_VC191_3,HC03_VC190_2,HC03_VC189_2,HC03_VC188_2,HC03_VC187_1,HC03_VC186_3,HC03_VC185_1,HC03_VC181_1,HC03_VC180_1,HC03_VC179_1
84,high,HC03_VC195_2,HC03_VC194_1,HC03_VC193_2,HC03_VC192_2,HC03_VC191_2,HC03_VC190_1,HC03_VC189_2,HC03_VC188_1,HC03_VC187_2,HC03_VC186_2,HC03_VC185_1,HC03_VC181_2,HC03_VC180_1,HC03_VC179_2
85,high,HC03_VC195_4,HC03_VC194_4,HC03_VC193_3,HC03_VC192_4,HC03_VC191_3,HC03_VC190_3,HC03_VC189_3,HC03_VC188_2,HC03_VC187_3,HC03_VC186_2,HC03_VC185_2,HC03_VC181_1,HC03_VC180_1,HC03_VC179_2
86,high,HC03_VC195_3,HC03_VC194_4,HC03_VC193_1,HC03_VC192_1,HC03_VC191_1,HC03_VC190_2,HC03_VC189_1,HC03_VC188_2,HC03_VC187_3,HC03_VC186_1,HC03_VC185_4,HC03_VC181_2,HC03_VC180_2,HC03_VC179_3
87,high,HC03_VC195_1,HC03_VC194_1,HC03_VC193_3,HC03_VC192_3,HC03_VC191_1,HC03_VC190_1,HC03_VC189_2,HC03_VC188_1,HC03_VC187_2,HC03_VC186_1,HC03_VC185_1,HC03_VC181_1,HC03_VC180_1,HC03_VC179_2
88,high,HC03_VC195_4,HC03_VC194_4,HC03_VC193_3,HC03_VC192_3,HC03_VC191_1,HC03_VC190_3,HC03_VC189_1,HC03_VC188_2,HC03_VC187_2,HC03_VC186_1,HC03_VC185_2,HC03_VC181_2,HC03_VC180_3,HC03_VC179_2
89,high,HC03_VC195_1,HC03_VC194_1,HC03_VC193_2,HC03_VC192_2,HC03_VC191_2,HC03_VC190_3,HC03_VC189_2,HC03_VC188_2,HC03_VC187_1,HC03_VC186_2,HC03_VC185_1,HC03_VC181_1,HC03_VC180_2,HC03_VC179_2
90,high,HC03_VC195_3,HC03_VC194_3,HC03_VC193_3,HC03_VC192_4,HC03_VC191_4,HC03_VC190_1,HC03_VC189_2,HC03_VC188_3,HC03_VC187_3,HC03_VC186_1,HC03_VC185_4,HC03_VC181_2,HC03_VC180_3,HC03_VC179_3
91,high,HC03_VC195_1,HC03_VC194_2,HC03_VC193_1,HC03_VC192_2,HC03_VC191_3,HC03_VC190_3,HC03_VC189_2,HC03_VC188_2,HC03_VC187_3,HC03_VC186_1,HC03_VC185_3,HC03_VC181_2,HC03_VC180_2,HC03_VC179_3
92,high,HC03_VC195_2,HC03_VC194_2,HC03_VC193_4,HC03_VC192_2,HC03_VC191_3,HC03_VC190_3,HC03_VC189_3,HC03_VC188_2,HC03_VC187_2,HC03_VC186_3,HC03_VC185_1,HC03_VC181_2,HC03_VC180_2,HC03_VC179_2
93,high,HC03_VC195_4,HC03_VC194_3,HC03_VC193_4,HC03_VC192_2,HC03_VC191_1,HC03_VC190_3,HC03_VC189_3,HC03_VC188_2,HC03_VC187_2,HC03_VC186_1,HC03_VC185_2,HC03_VC181_1,HC03_VC180_1,HC03_VC179_2
94,high,HC03_VC195_3,HC03_VC194_3,HC03_VC193_3,HC03_VC192_3,HC03_VC191_1,HC03_VC190_4,HC03_VC189_3,HC03_VC188_2,HC03_VC187_2,HC03_VC186_2,HC03_VC185_3,HC03_VC181_2,HC03_VC180_2,HC03_VC179_3
95,high,HC03_VC195_1,HC03_VC194_1,HC03_VC193_2,HC03_VC192_3,HC03_VC191_2,HC03_VC190_1,HC03_VC189_1,HC03_VC188_3,HC03_VC187_2,HC03_VC186_3,HC03_VC185_2,HC03_VC181_2,HC03_VC180_2,HC03_VC179_1
96,high,HC03_VC195_1,HC03_VC194_2,HC03_VC193_1,HC03_VC192_2,HC03_VC191_2,HC03_VC190_2,HC03_VC189_3,HC03_VC188_2,HC03_VC187_2,HC03_VC186_2,HC03_VC185_1,HC03_VC181_2,HC03_VC180_2,HC03_VC179_2
97,high,HC03_VC195_1,HC03_VC194_3,HC03_VC193_2,HC03_VC192_1,HC03_VC191_2,HC03_VC190_4,HC03_VC189_3,HC03_VC188_3,HC03_VC187_3,HC03_VC186_1,HC03_VC185_4,HC03_VC181_2,HC03_VC180_3,HC03_VC179_2
98,high,HC03_VC195_1,HC03_VC194_3,HC03_VC193_1,HC03_VC192_3,HC03_VC191_3,HC03_VC190_3,HC03_VC189_1,HC03_VC188_2,HC03_VC187_1,HC03_VC186_2,HC03_VC185_1,HC03_VC181_1,HC03_VC180_1,HC03_VC179_1
99,high,HC03_VC195_3,HC03_VC194_3,HC03_VC193_1,HC03_VC192_1,HC03_VC191_2,HC03_VC190_3,HC03_VC189_1,HC03_VC188_1,HC03_VC187_2,HC03_VC186_3,HC03_VC185_3,HC03_VC181_1,HC03_VC180_1,HC03_VC179_2
100,high,HC03_VC195_2,HC03_VC194_1,HC03_VC193_1,HC03_VC192_1,HC03_VC191_4,HC03_VC190_2,HC03_VC189_2,HC03_VC188_1,HC03_VC187_2,HC03_VC186_4,HC03_VC185_2,HC03_VC181_1,HC03_VC180_2,HC03_VC179_2
101,mid,HC03_VC195_4,HC03_VC194_4,HC03_VC193_3,HC03_VC192_3,HC03_VC191_1,HC03_VC190_4,HC03_VC189_3,HC03_VC188_3,HC03_VC187_3,HC03_VC186_1,HC03_VC185_3,HC03_VC181_2,HC03_VC180_2,HC03_VC179_3
102,mid,HC03_VC195_4,HC03_VC194_4,HC03_VC193_3,HC03_VC192_4,HC03_VC191_3,HC03_VC190_4,HC03_VC189_3,HC03_VC188_2,HC03_VC187_3,HC03_VC186_1,HC03_VC185_2,HC03_VC181_2,HC03_VC180_3,HC03_VC179_2
103,mid,HC03_VC195_1,HC03_VC194_1,HC03_VC193_2,HC03_VC192_1,HC03_VC191_2,HC03_VC190_1,HC03_VC189_1,HC03_VC188_2,HC03_VC187_2,HC03_VC186_3,HC03_VC185_1,HC03_VC181_2,HC03_VC180_2,HC03_VC179_1
104,mid,HC03_VC195_2,HC03_VC194_1,HC03_VC193_3,HC03_VC192_1,HC03_VC191_1,HC03_VC190_2,HC03_VC189_2,HC03_VC188_2,HC03_VC187_2,HC03_VC186_2,HC03_VC185_2,HC03_VC181_2,HC03_VC180_2,HC03_VC179_2
105,mid,HC03_VC195_2,HC03_VC194_1,HC03_VC193_1,HC03_VC192_2,HC03_VC191_2,HC03_VC190_1,HC03_VC189_1,HC03_VC188_2,HC03_VC187_2,HC03_VC186_4,HC03_VC185_2,HC03_VC181_2,HC03_VC180_2,HC03_VC179_2
106,mid,HC03_VC195_1,HC03_VC194_3,HC03_VC193_1,HC03_VC192_1,HC03_VC191_1,HC03_VC190_2,HC03_VC189_1,HC03_VC188_2,HC03_VC187_2,HC03_VC186_3,HC03_VC185_4,HC03_VC181_2,HC03_VC180_1,HC03_VC179_2
107,mid,HC03_VC195_4,HC03_VC194_4,HC03_VC193_3,HC03_VC192_4,HC03_VC191_1,HC03_VC190_4,HC03_VC189_3,HC03_VC188_3,HC03_VC187_3,HC03_VC186_1,HC03_VC185_3,HC03_VC181_2,HC03_VC180_3,HC03_VC179_3
108,mid,HC03_VC195_1,HC03_VC194_2,HC03_VC193_3,HC03_VC192_3,HC03_VC191_3,HC03_VC190_2,HC03_VC189_3,HC03_VC188_1,HC03_VC187_1,HC03_VC186_1,HC03_VC185_1,HC03_VC181_1,HC03_VC180_2,HC03_VC179_2
109,mid,HC03_VC195_1,HC03_VC194_4,HC03_VC193_3,HC03_VC192_3,HC03_VC191_4,HC03_VC190_4,HC03_VC189_2,HC03_VC188_2,HC03_VC187_2,HC03_VC186_1,HC03_VC185_3,HC03_VC181_2,HC03_VC180_3,HC03_VC179_2
110,mid,HC03_VC195_4,HC03_VC194_2,HC03_VC193_2,HC03_VC192_4,HC03_VC191_1,HC03_VC190_1,HC03_VC189_3,HC03_VC188_3,HC03_VC187_3,HC03_VC186_1,HC03_VC185_3,HC03_VC181_2,HC03_VC180_3,HC03_VC179_3
111,mid,HC03_VC195_1,HC03_VC194_1,HC03_VC193_3,HC03_VC192_2,HC03_VC191_2,HC03_VC190_2,HC03_VC189_2,HC03_VC188_1,HC03_VC187_1,HC03_VC186_4,HC03_VC185_1,HC03_VC181_2,HC03_VC180_2,HC03_VC179_2
112,mid,HC03_VC195_4,HC03_VC194_4,HC03_VC193_4,HC03_VC192_4,HC03_VC191_1,HC03_VC190_4,HC03_VC189_3,HC03_VC188_3,HC03_VC187_3,HC03_VC186_2,HC03_VC185_4,HC03_VC181_2,HC03_VC180_3,HC03_VC179_3
113,mid,HC03_VC195_1,HC03_VC194_1,HC03_VC193_1,HC03_VC192_2,HC03_VC191_2,HC03_VC190_2,HC03_VC189_1,HC03_VC188_1,HC03_VC187_1,HC03_VC186_4,HC03_VC185_1,HC03_VC181_1,HC03_VC180_1,HC03_VC179_1
114,mid,HC03_VC195_4,HC03_VC194_2,HC03_VC193_3,HC03_VC192_1,HC03_VC191_3,HC03_VC190_3,HC03_VC189_3,HC03_VC188_3,HC03_VC187_3,HC03_VC186_1,HC03_VC185_4,HC03_VC181_2,HC03_VC180_3,HC03_VC179_3
115,mid,HC03_VC195_2,HC03_VC194_3,HC03_VC193_2,HC03_VC192_1,HC03_VC191_2,HC03_VC190_3,HC03_VC189_1,HC03_VC188_2,HC03_VC187_2,HC03_VC186_2,HC03_VC185_1,HC03_VC181_1,HC03_VC180_2,HC03_VC179_1
116,mid,HC03_VC195_1,HC03_VC194_1,HC03_VC193_1,HC03_VC192_1,HC03_VC191_2,HC03_VC190_1,HC03_VC189_2,HC03_VC188_1,HC03_VC187_1,HC03_VC186_4,HC03_VC185_1,HC03_VC181_1,HC03_VC180_1,HC03_VC179_1
117,mid,HC03_VC195_3,HC03_VC194_1,HC03_VC193_2,HC03_VC192_1,HC03_VC191_2,HC03_VC190_1,HC03_VC189_1,HC03_VC188_3,HC03_VC187_1,HC03_VC186_2,HC03_VC185_2,HC03_VC181_2,HC03_VC180_2,HC03_VC179_1
118,mid,HC03_VC195_2,HC03_VC194_4,HC03_VC193_4,HC03_VC192_4,HC03_VC191_3,HC03_VC190_4,HC03_VC189_2,HC03_VC188_3,HC03_VC187_3,HC03_VC186_1,HC03_VC185_3,HC03_VC181_2,HC03_VC180_2,HC03_VC179_1
119,mid,HC03_VC195_1,HC03_VC194_3,HC03_VC193_3,HC03_VC192_2,HC03_VC191_2,HC03_VC190_1,HC03_VC189_2,HC03_VC188_2,HC03_VC187_3,HC03_VC186_2,HC03_VC185_3,HC03_VC181_2,HC03_VC180_3,HC03_VC179_3
120,mid,HC03_VC195_4,HC03_VC194_4,HC03_VC193_3,HC03_VC192_4,HC03_VC191_4,HC03_VC190_4,HC03_VC189_3,HC03_VC188_3,HC03_VC187_3,HC03_VC186_1,HC03_VC185_4,HC03_VC181_2,HC03_VC180_3,HC03_VC179_3
121,mid,HC03_VC195_2,HC03_VC194_2,HC03_VC193_3,HC03_VC192_3,HC03_VC191_3,HC03_VC190_3,HC03_VC189_2,HC03_VC188_3,HC03_VC187_3,HC03_VC186_2,HC03_VC185_2,HC03_VC181_2,HC03_VC180_3,HC03_VC179_3
122,mid,HC03_VC195_4,HC03_VC194_4,HC03_VC193_3,HC03_VC192_4,HC03_VC191_3,HC03_VC190_3,HC03_VC189_2,HC03_VC188_3,HC03_VC187_3,HC03_VC186_1,HC03_VC185_2,HC03_VC181_2,HC03_VC180_3,HC03_VC179_1
123,mid,HC03_VC195_1,HC03_VC194_2,HC03_VC193_1,HC03_VC192_1,HC03_VC191_3,HC03_VC190_3,HC03_VC189_1,HC03_VC188_1,HC03_VC187_1,HC03_VC186_4,HC03_VC185_1,HC03_VC181_1,HC03_VC180_1,HC03_VC179_1
124,mid,HC03_VC195_1,HC03_VC194_2,HC03_VC193_3,HC03_VC192_3,HC03_VC191_2,HC03_VC190_3,HC03_VC189_3,HC03_VC188_2,HC03_VC187_1,HC03_VC186_3,HC03_VC185_1,HC03_VC181_1,HC03_VC180_2,HC03_VC179_2
125,mid,HC03_VC195_2,HC03_VC194_3,HC03_VC193_3,HC03_VC192_3,HC03_VC191_1,HC03_VC190_2,HC03_VC189_1,HC03_VC188_2,HC03_VC187_1,HC03_VC186_2,HC03_VC185_1,HC03_VC181_1,HC03_VC180_1,HC03_VC179_2
126,mid,HC03_VC195_4,HC03_VC194_4,HC03_VC193_1,HC03_VC192_3,HC03_VC191_1,HC03_VC190_1,HC03_VC189_1,HC03_VC188_3,HC03_VC187_3,HC03_VC186_2,HC03_VC185_3,HC03_VC181_2,HC03_VC180_3,HC03_VC179_3
127,mid,HC03_VC195_1,HC03_VC194_4,HC03_VC193_1,HC03_VC192_2,HC03_VC191_1,HC03_VC190_4,HC03_VC189_1,HC03_VC188_1,HC03_VC187_1,HC03_VC186_4,HC03_VC185_1,HC03_VC181_1,HC03_VC180_1,HC03_VC179_1
128,mid,HC03_VC195_2,HC03_VC194_1,HC03_VC193_1,HC03_VC192_2,HC03_VC191_2,HC03_VC190_2,HC03_VC189_2,HC03_VC188_2,HC03_VC187_1,HC03_VC186_1,HC03_VC185_1,HC03_VC181_2,HC03_VC180_2,HC03_VC179_2
129,mid,HC03_VC195_4,HC03_VC194_1,HC03_VC193_3,HC03_VC192_2,HC03_VC191_1,HC03_VC190_1,HC03_VC189_3,HC03_VC188_2,HC03_VC187_3,HC03_VC186_2,HC03_VC185_2,HC03_VC181_2,HC03_VC180_3,HC03_VC179_3
130,mid,HC03_VC195_4,HC03_VC194_2,HC03_VC193_3,HC03_VC192_3,HC03_VC191_3,HC03_VC190_3,HC03_VC189_2,HC03_VC188_3,HC03_VC187_3,HC03_VC186_1,HC03_VC185_2,HC03_VC181_2,HC03_VC180_2,HC03_VC179_2
131,mid,HC03_VC195_4,HC03_VC194_4,HC03_VC193_3,HC03_VC192_2,HC03_VC191_1,HC03_VC190_4,HC03_VC189_2,HC03_VC188_3,HC03_VC187_2,HC03_VC186_2,HC03_VC185_3,HC03_VC181_2,HC03_VC180_2,HC03_VC179_3
132,mid,HC03_VC195_3,HC03_VC194_4,HC03_VC193_3,HC03_VC192_4,HC03_VC191_3,HC03_VC190_4,HC03_VC189_3,HC03_VC188_3,HC03_VC187_2,HC03_VC186_1,HC03_VC185_1,HC03_VC181_2,HC03_VC180_3,HC03_VC179_2
133,mid,HC03_VC195_2,HC03_VC194_3,HC03_VC193_1,HC03_VC192_2,HC03_VC191_1,HC03_VC190_2,HC03_VC189_1,HC03_VC188_2,HC03_VC187_2,HC03_VC186_2,HC03_VC185_1,HC03_VC181_1,HC03_VC180_1,HC03_VC179_1
134,mid,HC03_VC195_1,HC03_VC194_1,HC03_VC193_2,HC03_VC192_1,HC03_VC191_3,HC03_VC190_1,HC03_VC189_2,HC03_VC188_1,HC03_VC187_2,HC03_VC186_3,HC03_VC185_1,HC03_VC181_2,HC03_VC180_2,HC03_VC179_2
135,mid,HC03_VC195_1,HC03_VC194_4,HC03_VC193_4,HC03_VC192_4,HC03_VC191_4,HC03_VC190_2,HC03_VC189_1,HC03_VC188_3,HC03_VC187_2,HC03_VC186_1,HC03_VC185_4,HC03_VC181_1,HC03_VC180_1,HC03_VC179_1
136,mid,HC03_VC195_2,HC03_VC194_2,HC03_VC193_1,HC03_VC192_1,HC03_VC191_1,HC03_VC190_2,HC03_VC189_2,HC03_VC188_2,HC03_VC187_1,HC03_VC186_3,HC03_VC185_2,HC03_VC181_2,HC03_VC180_2,HC03_VC179_2
137,mid,HC03_VC195_1,HC03_VC194_1,HC03_VC193_2,HC03_VC192_2,HC03_VC191_4,HC03_VC190_4,HC03_VC189_2,HC03_VC188_1,HC03_VC187_1,HC03_VC186_4,HC03_VC185_1,HC03_VC181_1,HC03_VC180_1,HC03_VC179_1
138,mid,HC03_VC195_1,HC03_VC194_1,HC03_VC193_2,HC03_VC192_1,HC03_VC191_2,HC03_VC190_1,HC03_VC189_1,HC03_VC188_1,HC03_VC187_1,HC03_VC186_3,HC03_VC185_1,HC03_VC181_2,HC03_VC180_1,HC03_VC179_1
139,mid,HC03_VC195_1,HC03_VC194_1,HC03_VC193_2,HC03_VC192_1,HC03_VC191_2,HC03_VC190_1,HC03_VC189_2,HC03_VC188_1,HC03_VC187_1,HC03_VC186_3,HC03_VC185_1,HC03_VC181_1,HC03_VC180_1,HC03_VC179_2
140,mid,HC03_VC195_3,HC03_VC194_4,HC03_VC193_1,HC03_VC192_4,HC03_VC191_3,HC03_VC190_4,HC03_VC189_3,HC03_VC188_2,HC03_VC187_2,HC03_VC186_1,HC03_VC185_3,HC03_VC181_2,HC03_VC180_2,HC03_VC179_3
141,mid,HC03_VC195_1,HC03_VC194_2,HC03_VC193_2,HC03_VC192_3,HC03_VC191_4,HC03_VC190_3,HC03_VC189_1,HC03_VC188_1,HC03_VC187_1,HC03_VC186_4,HC03_VC185_1,HC03_VC181_1,HC03_VC180_1,HC03_VC179_2
142,mid,HC03_VC195_4,HC03_VC194_4,HC03_VC193_4,HC03_VC192_3,HC03_VC191_1,HC03_VC190_4,HC03_VC189_3,HC03_VC188_2,HC03_VC187_3,HC03_VC186_2,HC03_VC185_4,HC03_VC181_2,HC03_VC180_3,HC03_VC179_3
143,mid,HC03_VC195_1,HC03_VC194_3,HC03_VC193_1,HC03_VC192_1,HC03_VC191_1,HC03_VC190_3,HC03_VC189_1,HC03_VC188_1,HC03_VC187_1,HC03_VC186_3,HC03_VC185_4,HC03_VC181_1,HC03_VC180_2,HC03_VC179_3
144,mid,HC03_VC195_4,HC03_VC194_4,HC03_VC193_4,HC03_VC192_4,HC03_VC191_3,HC03_VC190_4,HC03_VC189_3,HC03_VC188_1,HC03_VC187_2,HC03_VC186_1,HC03_VC185_4,HC03_VC181_2,HC03_VC180_3,HC03_VC179_2
145,mid,HC03_VC195_3,HC03_VC194_4,HC03_VC193_3,HC03_VC192_3,HC03_VC191_4,HC03_VC190_4,HC03_VC189_3,HC03_VC188_2,HC03_VC187_2,HC03_VC186_1,HC03_VC185_3,HC03_VC181_1,HC03_VC180_1,HC03_VC179_3
146,mid,HC03_VC195_1,HC03_VC194_1,HC03_VC193_3,HC03_VC192_1,HC03_VC191_3,HC03_VC190_2,HC03_VC189_2,HC03_VC188_2,HC03_VC187_3,HC03_VC186_2,HC03_VC185_2,HC03_VC181_2,HC03_VC180_3,HC03_VC179_2
147,mid,HC03_VC195_1,HC03_VC194_3,HC03_VC193_1,HC03_VC192_1,HC03_VC191_2,HC03_VC190_2,HC03_VC189_1,HC03_VC188_1,HC03_VC187_1,HC03_VC186_3,HC03_VC185_1,HC03_VC181_1,HC03_VC180_1,HC03_VC179_1
148,mid,HC03_VC195_2,HC03_VC194_2,HC03_VC193_1,HC03_VC192_2,HC03_VC191_4,HC03_VC190_1,HC03_VC189_2,HC03_VC188_2,HC03_VC187_1,HC03_VC186_1,HC03_VC185_1,HC03_VC181_2,HC03_VC180_1,HC03_VC179_1
149,mid,HC03_VC195_4,HC03_VC194_4,HC03_VC193_4,HC03_VC192_4,HC03_VC191_1,HC03_VC190_4,HC03_VC189_3,HC03_VC188_3,HC03_VC187_3,HC03_VC186_2,HC03_VC185_4,HC03_VC181_2,HC03_VC180_3,HC03_VC179_2
150,mid,HC03_VC195_1,HC03_VC194_3,HC03_VC193_3,HC03_VC192_2,HC03_VC191_3,HC03_VC190_2,HC03_VC189_3,HC03_VC188_3,HC03_VC187_3,HC03_VC186_1,HC03_VC185_4,HC03_VC181_1,HC03_VC180_2,HC03_VC179_3
151,mid,HC03_VC195_1,HC03_VC194_3,HC03_VC193_1,HC03_VC192_1,HC03_VC191_1,HC03_VC190_3,HC03_VC189_2,HC03_VC188_1,HC03_VC187_1,HC03_VC186_2,HC03_VC185_1,HC03_VC181_1,HC03_VC180_2,HC03_VC179_1
152,mid,HC03_VC195_2,HC03_VC194_2,HC03_VC193_1,HC03_VC192_2,HC03_VC191_2,HC03_VC190_1,HC03_VC189_2,HC03_VC188_3,HC03_VC187_2,HC03_VC186_1,HC03_VC185_1,HC03_VC181_2,HC03_VC180_3,HC03_VC179_2
153,mid,HC03_VC195_4,HC03_VC194_4,HC03_VC193_3,HC03_VC192_3,HC03_VC191_4,HC03_VC190_4,HC03_VC189_3,HC03_VC188_3,HC03_VC187_3,HC03_VC186_1,HC03_VC185_4,HC03_VC181_2,HC03_VC180_3,HC03_VC179_2
154,mid,HC03_VC195_2,HC03_VC194_3,HC03_VC193_3,HC03_VC192_3,HC03_VC191_3,HC03_VC190_3,HC03_VC189_3,HC03_VC188_3,HC03_VC187_2,HC03_VC186_1,HC03_VC185_1,HC03_VC181_1,HC03_VC180_2,HC03_VC179_1
155,mid,HC03_VC195_1,HC03_VC194_2,HC03_VC193_1,HC03_VC192_1,HC03_VC191_2,HC03_VC190_3,HC03_VC189_1,HC03_VC188_1,HC03_VC187_1,HC03_VC186_3,HC03_VC185_1,HC03_VC181_1,HC03_VC180_1,HC03_VC179_1
156,mid,HC03_VC195_1,HC03_VC194_2,HC03_VC193_1,HC03_VC192_2,HC03_VC191_1,HC03_VC190_3,HC03_VC189_1,HC03_VC188_2,HC03_VC187_1,HC03_VC186_2,HC03_VC185_1,HC03_VC181_1,HC03_VC180_1,HC03_VC179_1
157,mid,HC03_VC195_1,HC03_VC194_1,HC03_VC193_1,HC03_VC192_1,HC03_VC191_4,HC03_VC190_1,HC03_VC189_3,HC03_VC188_3,HC03_VC187_2,HC03_VC186_3,HC03_VC185_2,HC03_VC181_1,HC03_VC180_1,HC03_VC179_1
158,mid,HC03_VC195_3,HC03_VC194_2,HC03_VC193_4,HC03_VC192_3,HC03_VC191_3,HC03_VC190_4,HC03_VC189_3,HC03_VC188_1,HC03_VC187_2,HC03_VC186_1,HC03_VC185_3,HC03_VC181_2,HC03_VC180_3,HC03_VC179_1
159,mid,HC03_VC195_3,HC03_VC194_1,HC03_VC193_3,HC03_VC192_3,HC03_VC191_4,HC03_VC190_3,HC03_VC189_2,HC03_VC188_3,HC03_VC187_2,HC03_VC186_2,HC03_VC185_3,HC03_VC181_1,HC03_VC180_2,HC03_VC179_2
160,mid,HC03_VC195_1,HC03_VC194_2,HC03_VC193_1,HC03_VC192_1,HC03_VC191_1,HC03_VC190_1,HC03_VC189_1,HC03_VC188_1,HC03_VC187_2,HC03_VC186_4,HC03_VC185_2,HC03_VC181_2,HC03_VC180_3,HC03_VC179_2
161,mid,HC03_VC195_4,HC03_VC194_3,HC03_VC193_4,HC03_VC192_3,HC03_VC191_4,HC03_VC190_4,HC03_VC189_3,HC03_VC188_2,HC03_VC187_2,HC03_VC186_1,HC03_VC185_4,HC03_VC181_2,HC03_VC180_3,HC03_VC179_3
162,mid,HC03_VC195_3,HC03_VC194_4,HC03_VC193_4,HC03_VC192_4,HC03_VC191_3,HC03_VC190_4,HC03_VC189_3,HC03_VC188_3,HC03_VC187_3,HC03_VC186_1,HC03_VC185_2,HC03_VC181_2,HC03_VC180_3,HC03_VC179_2
163,mid,HC03_VC195_2,HC03_VC194_2,HC03_VC193_2,HC03_VC192_1,HC03_VC191_3,HC03_VC190_3,HC03_VC189_2,HC03_VC188_2,HC03_VC187_1,HC03_VC186_2,HC03_VC185_1,HC03_VC181_1,HC03_VC180_1,HC03_VC179_1
164,mid,HC03_VC195_3,HC03_VC194_3,HC03_VC193_1,HC03_VC192_4,HC03_VC191_2,HC03_VC190_4,HC03_VC189_3,HC03_VC188_3,HC03_VC187_3,HC03_VC186_1,HC03_VC185_3,HC03_VC181_2,HC03_VC180_3,HC03_VC179_2
165,mid,HC03_VC195_3,HC03_VC194_3,HC03_VC193_3,HC03_VC192_3,HC03_VC191_1,HC03_VC190_3,HC03_VC189_3,HC03_VC188_3,HC03_VC187_1,HC03_VC186_1,HC03_VC185_2,HC03_VC181_2,HC03_VC180_3,HC03_VC179_2
166,mid,HC03_VC195_1,HC03_VC194_2,HC03_VC193_1,HC03_VC192_2,HC03_VC191_1,HC03_VC190_1,HC03_VC189_1,HC03_VC188_1,HC03_VC187_1,HC03_VC186_2,HC03_VC185_1,HC03_VC181_1,HC03_VC180_2,HC03_VC179_1
167,mid,HC03_VC195_1,HC03_VC194_1,HC03_VC193_1,HC03_VC192_3,HC03_VC191_4,HC03_VC190_1,HC03_VC189_2,HC03_VC188_1,HC03_VC187_2,HC03_VC186_4,HC03_VC185_1,HC03_VC181_1,HC03_VC180_2,HC03_VC179_1
168,mid,HC03_VC195_4,HC03_VC194_4,HC03_VC193_3,HC03_VC192_4,HC03_VC191_2,HC03_VC190_4,HC03_VC189_3,HC03_VC188_3,HC03_VC187_2,HC03_VC186_2,HC03_VC185_2,HC03_VC181_2,HC03_VC180_2,HC03_VC179_2
169,mid,HC03_VC195_3,HC03_VC194_2,HC03_VC193_4,HC03_VC192_3,HC03_VC191_2,HC03_VC190_2,HC03_VC189_3,HC03_VC188_2,HC03_VC187_3,HC03_VC186_1,HC03_VC185_2,HC03_VC181_2,HC03_VC180_3,HC03_VC179_2
170,mid,HC03_VC195_3,HC03_VC194_1,HC03_VC193_1,HC03_VC192_1,HC03_VC191_1,HC03_VC190_1,HC03_VC189_2,HC03_VC188_1,HC03_VC187_2,HC03_VC186_2,HC03_VC185_3,HC03_VC181_1,HC03_VC180_2,HC03_VC179_2
171,mid,HC03_VC195_4,HC03_VC194_3,HC03_VC193_4,HC03_VC192_4,HC03_VC191_1,HC03_VC190_1,HC03_VC189_3,HC03_VC188_2,HC03_VC187_1,HC03_VC186_2,HC03_VC185_3,HC03_VC181_1,HC03_VC180_2,HC03_VC179_3
172,mid,HC03_VC195_3,HC03_VC194_4,HC03_VC193_4,HC03_VC192_4,HC03_VC191_4,HC03_VC190_4,HC03_VC189_2,HC03_VC188_2,HC03_VC187_2,HC03_VC186_3,HC03_VC185_4,HC03_VC181_2,HC03_VC180_1,HC03_VC179_1
173,mid,HC03_VC195_3,HC03_VC194_3,HC03_VC193_1,HC03_VC192_1,HC03_VC191_1,HC03_VC190_3,HC03_VC189_2,HC03_VC188_1,HC03_VC187_2,HC03_VC186_2,HC03_VC185_2,HC03_VC181_2,HC03_VC180_2,HC03_VC179_2
174,mid,HC03_VC195_2,HC03_VC194_1,HC03_VC193_1,HC03_VC192_1,HC03_VC191_2,HC03_VC190_1,HC03_VC189_1,HC03_VC188_1,HC03_VC187_2,HC03_VC186_3,HC03_VC185_2,HC03_VC181_2,HC03_VC180_2,HC03_VC179_2
175,mid,HC03_VC195_1,HC03_VC194_4,HC03_VC193_4,HC03_VC192_4,HC03_VC191_3,HC03_VC190_4,HC03_VC189_3,HC03_VC188_3,HC03_VC187_3,HC03_VC186_1,HC03_VC185_4,HC03_VC181_2,HC03_VC180_3,HC03_VC179_2
176,mid,HC03_VC195_2,HC03_VC194_2,HC03_VC193_2,HC03_VC192_3,HC03_VC191_1,HC03_VC190_1,HC03_VC189_2,HC03_VC188_2,HC03_VC187_1,HC03_VC186_2,HC03_VC185_1,HC03_VC181_1,HC03_VC180_1,HC03_VC179_2
177,mid,HC03_VC195_1,HC03_VC194_2,HC03_VC193_2,HC03_VC192_2,HC03_VC191_3,HC03_VC190_3,HC03_VC189_2,HC03_VC188_1,HC03_VC187_1,HC03_VC186_3,HC03_VC185_1,HC03_VC181_1,HC03_VC180_1,HC03_VC179_1
178,mid,HC03_VC195_1,HC03_VC194_2,HC03_VC193_1,HC03_VC192_1,HC03_VC191_1,HC03_VC190_1,HC03_VC189_1,HC03_VC188_2,HC03_VC187_1,HC03_VC186_3,HC03_VC185_1,HC03_VC181_1,HC03_VC180_1,HC03_VC179_1
179,mid,HC03_VC195_2,HC03_VC194_4,HC03_VC193_1,HC03_VC192_1,HC03_VC191_1,HC03_VC190_3,HC03_VC189_2,HC03_VC188_2,HC03_VC187_2,HC03_VC186_4,HC03_VC185_4,HC03_VC181_2,HC03_VC180_3,HC03_VC179_3
180,mid,HC03_VC195_1,HC03_VC194_3,HC03_VC193_1,HC03_VC192_2,HC03_VC191_1,HC03_VC190_3,HC03_VC189_1,HC03_VC188_1,HC03_VC187_1,HC03_VC186_3,HC03_VC185_1,HC03_VC181_1,HC03_VC180_1,HC03_VC179_1
181,mid,HC03_VC195_4,HC03_VC194_2,HC03_VC193_3,HC03_VC192_2,HC03_VC191_2,HC03_VC190_2,HC03_VC189_3,HC03_VC188_2,HC03_VC187_3,HC03_VC186_2,HC03_VC185_2,HC03_VC181_2,HC03_VC180_3,HC03_VC179_2
182,mid,HC03_VC195_1,HC03_VC194_2,HC03_VC193_3,HC03_VC192_4,HC03_VC191_2,HC03_VC190_3,HC03_VC189_3,HC03_VC188_2,HC03_VC187_2,HC03_VC186_2,HC03_VC185_4,HC03_VC181_2,HC03_VC180_3,HC03_VC179_3
183,mid,HC03_VC195_4,HC03_VC194_2,HC03_VC193_2,HC03_VC192_1,HC03_VC191_4,HC03_VC190_2,HC03_VC189_3,HC03_VC188_3,HC03_VC187_2,HC03_VC186_3,HC03_VC185_4,HC03_VC181_2,HC03_VC180_2,HC03_VC179_3
184,mid,HC03_VC195_1,HC03_VC194_3,HC03_VC193_1,HC03_VC192_3,HC03_VC191_2,HC03_VC190_3,HC03_VC189_1,HC03_VC188_1,HC03_VC187_1,HC03_VC186_4,HC03_VC185_3,HC03_VC181_1,HC03_VC180_1,HC03_VC179_1
185,mid,HC03_VC195_1,HC03_VC194_1,HC03_VC193_3,HC03_VC192_1,HC03_VC191_1,HC03_VC190_1,HC03_VC189_2,HC03_VC188_1,HC03_VC187_2,HC03_VC186_3,HC03_VC185_2,HC03_VC181_2,HC03_VC180_2,HC03_VC179_1
186,mid,HC03_VC195_1,HC03_VC194_3,HC03_VC193_4,HC03_VC192_2,HC03_VC191_1,HC03_VC190_3,HC03_VC189_1,HC03_VC188_3,HC03_VC187_2,HC03_VC186_1,HC03_VC185_2,HC03_VC181_1,HC03_VC180_2,HC03_VC179_1
187,mid,HC03_VC195_1,HC03_VC194_2,HC03_VC193_3,HC03_VC192_3,HC03_VC191_3,HC03_VC190_1,HC03_VC189_3,HC03_VC188_1,HC03_VC187_1,HC03_VC186_4,HC03_VC185_1,HC03_VC181_2,HC03_VC180_2,HC03_VC179_2
188,mid,HC03_VC195_3,HC03_VC194_1,HC03_VC193_2,HC03_VC192_1,HC03_VC191_4,HC03_VC190_1,HC03_VC189_3,HC03_VC188_2,HC03_VC187_2,HC03_VC186_3,HC03_VC185_2,HC03_VC181_2,HC03_VC180_2,HC03_VC179_1
189,mid,HC03_VC195_1,HC03_VC194_1,HC03_VC193_2,HC03_VC192_1,HC03_VC191_1,HC03_VC190_1,HC03_VC189_2,HC03_VC188_2,HC03_VC187_2,HC03_VC186_3,HC03_VC185_1,HC03_VC181_2,HC03_VC180_2,HC03_VC179_2
190,mid,HC03_VC195_3,HC03_VC194_4,HC03_VC193_1,HC03_VC192_3,HC03_VC191_2,HC03_VC190_3,HC03_VC189_1,HC03_VC188_3,HC03_VC187_1,HC03_VC186_1,HC03_VC185_3,HC03_VC181_2,HC03_VC180_3,HC03_VC179_2
191,mid,HC03_VC195_1,HC03_VC194_2,HC03_VC193_1,HC03_VC192_1,HC03_VC191_1,HC03_VC190_4,HC03_VC189_1,HC03_VC188_1,HC03_VC187_2,HC03_VC186_2,HC03_VC185_3,HC03_VC181_1,HC03_VC180_1,HC03_VC179_2
192,mid,HC03_VC195_2,HC03_VC194_1,HC03_VC193_1,HC03_VC192_1,HC03_VC191_4,HC03_VC190_1,HC03_VC189_3,HC03_VC188_2,HC03_VC187_2,HC03_VC186_4,HC03_VC185_1,HC03_VC181_2,HC03_VC180_2,HC03_VC179_2
193,mid,HC03_VC195_1,HC03_VC194_1,HC03_VC193_2,HC03_VC192_1,HC03_VC191_2,HC03_VC190_2,HC03_VC189_1,HC03_VC188_1,HC03_VC187_1,HC03_VC186_2,HC03_VC185_1,HC03_VC181_1,HC03_VC180_1,HC03_VC179_1
194,mid,HC03_VC195_4,HC03_VC194_4,HC03_VC193_1,HC03_VC192_3,HC03_VC191_1,HC03_VC190_4,HC03_VC189_2,HC03_VC188_2,HC03_VC187_1,HC03_VC186_4,HC03_VC185_4,HC03_VC181_1,HC03_VC180_1,HC03_VC179_3
195,mid,HC03_VC195_1,HC03_VC194_2,HC03_VC193_1,HC03_VC192_4,HC03_VC191_4,HC03_VC190_3,HC03_VC189_2,HC03_VC188_2,HC03_VC187_1,HC03_VC186_4,HC03_VC185_1,HC03_VC181_1,HC03_VC180_1,HC03_VC179_1
196,mid,HC03_VC195_1,HC03_VC194_1,HC03_VC193_1,HC03_VC192_2,HC03_VC191_2,HC03_VC190_3,HC03_VC189_2,HC03_VC188_1,HC03_VC187_1,HC03_VC186_3,HC03_VC185_1,HC03_VC181_1,HC03_VC180_1,HC03_VC179_1
197,mid,HC03_VC195_4,HC03_VC194_4,HC03_VC193_4,HC03_VC192_4,HC03_VC191_4,HC03_VC190_2,HC03_VC189_3,HC03_VC188_3,HC03_VC187_3,HC03_VC186_1,HC03_VC185_4,HC03_VC181_2,HC03_VC180_3,HC03_VC179_3
198,mid,HC03_VC195_3,HC03_VC194_4,HC03_VC193_1,HC03_VC192_4,HC03_VC191_2,HC03_VC190_3,HC03_VC189_3,HC03_VC188_3,HC03_VC187_1,HC03_VC186_1,HC03_VC185_3,HC03_VC181_2,HC03_VC180_1,HC03_VC179_2
199,mid,HC03_VC195_3,HC03_VC194_1,HC03_VC193_4,HC03_VC192_1,HC03_VC191_4,HC03_VC190_1,HC03_VC189_3,HC03_VC188_1,HC03_VC187_2,HC03_VC186_3,HC03_VC185_3,HC03_VC181_2,HC03_VC180_3,HC03_VC179_2
200,mid,HC03_VC195_2,HC03_VC194_2,HC03_VC193_2,HC03_VC192_3,HC03_VC191_1,HC03_VC190_1,HC03_VC189_3,HC03_VC188_2,HC03_VC187_1,HC03_VC186_1,HC03_VC185_1,HC03_VC181_2,HC03_VC180_2,HC03_VC179_2
201,mid,HC03_VC195_1,HC03_VC194_1,HC03_VC193_2,HC03_VC192_3,HC03_VC191_4,HC03_VC190_1,HC03_VC189_3,HC03_VC188_2,HC03_VC187_2,HC03_VC186_3,HC03_VC185_2,HC03_VC181_2,HC03_VC180_3,HC03_VC179_2
202,mid,HC03_VC195_1,HC03_VC194_3,HC03_VC193_1,HC03_VC192_2,HC03_VC191_4,HC03_VC190_4,HC03_VC189_1,HC03_VC188_2,HC03_VC187_1,HC03_VC186_4,HC03_VC185_1,HC03_VC181_1,HC03_VC180_1,HC03_VC179_1
203,mid,HC03_VC195_4,HC03_VC194_3,HC03_VC193_1,HC03_VC192_3,HC03_VC191_1,HC03_VC190_4,HC03_VC189_1,HC03_VC188_3,HC03_VC187_3,HC03_VC186_3,HC03_VC185_4,HC03_VC181_2,HC03_VC180_3,HC03_VC179_3
204,mid,HC03_VC195_1,HC03_VC194_1,HC03_VC193_1,HC03_VC192_2,HC03_VC191_3,HC03_VC190_2,HC03_VC189_1,HC03_VC188_1,HC03_VC187_1,HC03_VC186_4,HC03_VC185_1,HC03_VC181_1,HC03_VC180_1,HC03_VC179_1
205,mid,HC03_VC195_4,HC03_VC194_4,HC03_VC193_1,HC03_VC192_4,HC03_VC191_4,HC03_VC190_4,HC03_VC189_3,HC03_VC188_2,HC03_VC187_3,HC03_VC186_1,HC03_VC185_4,HC03_VC181_2,HC03_VC180_3,HC03_VC179_3
206,mid,HC03_VC195_3,HC03_VC194_1,HC03_VC193_2,HC03_VC192_2,HC03_VC191_3,HC03_VC190_1,HC03_VC189_2,HC03_VC188_1,HC03_VC187_2,HC03_VC186_3,HC03_VC185_1,HC03_VC181_2,HC03_VC180_2,HC03_VC179_3
207,mid,HC03_VC195_4,HC03_VC194_4,HC03_VC193_3,HC03_VC192_4,HC03_VC191_3,HC03_VC190_3,HC03_VC189_2,HC03_VC188_3,HC03_VC187_3,HC03_VC186_1,HC03_VC185_3,HC03_VC181_2,HC03_VC180_3,HC03_VC179_2
208,mid,HC03_VC195_1,HC03_VC194_1,HC03_VC193_2,HC03_VC192_2,HC03_VC191_4,HC03_VC190_2,HC03_VC189_2,HC03_VC188_2,HC03_VC187_1,HC03_VC186_4,HC03_VC185_1,HC03_VC181_1,HC03_VC180_1,HC03_VC179_1
209,mid,HC03_VC195_4,HC03_VC194_3,HC03_VC193_3,HC03_VC192_2,HC03_VC191_4,HC03_VC190_1,HC03_VC189_3,HC03_VC188_2,HC03_VC187_3,HC03_VC186_1,HC03_VC185_4,HC03_VC181_2,HC03_VC180_3,HC03_VC179_1
210,mid,HC03_VC195_4,HC03_VC194_4,HC03_VC193_4,HC03_VC192_4,HC03_VC191_3,HC03_VC190_4,HC03_VC189_3,HC03_VC188_3,HC03_VC187_3,HC03_VC186_1,HC03_VC185_4,HC03_VC181_2,HC03_VC180_3,HC03_VC179_3
211,mid,HC03_VC195_4,HC03_VC194_3,HC03_VC193_1,HC03_VC192_2,HC03_VC191_3,HC03_VC190_1,HC03_VC189_2,HC03_VC188_3,HC03_VC187_2,HC03_VC186_1,HC03_VC185_3,HC03_VC181_2,HC03_VC180_3,HC03_VC179_1
212,mid,HC03_VC195_2,HC03_VC194_2,HC03_VC193_3,HC03_VC192_3,HC03_VC191_1,HC03_VC190_2,HC03_VC189_1,HC03_VC188_2,HC03_VC187_3,HC03_VC186_2,HC03_VC185_3,HC03_VC181_2,HC03_VC180_3,HC03_VC179_3
213,mid,HC03_VC195_3,HC03_VC194_2,HC03_VC193_4,HC03_VC192_3,HC03_VC191_1,HC03_VC190_1,HC03_VC189_3,HC03_VC188_1,HC03_VC187_2,HC03_VC186_4,HC03_VC185_2,HC03_VC181_1,HC03_VC180_1,HC03_VC179_3
214,mid,HC03_VC195_1,HC03_VC194_1,HC03_VC193_1,HC03_VC192_1,HC03_VC191_1,HC03_VC190_1,HC03_VC189_1,HC03_VC188_1,HC03_VC187_2,HC03_VC186_4,HC03_VC185_1,HC03_VC181_2,HC03_VC180_2,HC03_VC179_2
215,mid,HC03_VC195_1,HC03_VC194_1,HC03_VC193_1,HC03_VC192_1,HC03_VC191_2,HC03_VC190_1,HC03_VC189_1,HC03_VC188_1,HC03_VC187_1,HC03_VC186_4,HC03_VC185_1,HC03_VC181_1,HC03_VC180_1,HC03_VC179_2
216,mid,HC03_VC195_1,HC03_VC194_3,HC03_VC193_1,HC03_VC192_1,HC03_VC191_2,HC03_VC190_3,HC03_VC189_1,HC03_VC188_1,HC03_VC187_1,HC03_VC186_4,HC03_VC185_1,HC03_VC181_1,HC03_VC180_1,HC03_VC179_1
217,mid,HC03_VC195_3,HC03_VC194_2,HC03_VC193_2,HC03_VC192_2,HC03_VC191_3,HC03_VC190_2,HC03_VC189_2,HC03_VC188_2,HC03_VC187_2,HC03_VC186_1,HC03_VC185_1,HC03_VC181_2,HC03_VC180_3,HC03_VC179_2
218,mid,HC03_VC195_4,HC03_VC194_4,HC03_VC193_4,HC03_VC192_4,HC03_VC191_1,HC03_VC190_2,HC03_VC189_3,HC03_VC188_3,HC03_VC187_1,HC03_VC186_1,HC03_VC185_4,HC03_VC181_1,HC03_VC180_1,HC03_VC179_1
219,mid,HC03_VC195_3,HC03_VC194_1,HC03_VC193_1,HC03_VC192_1,HC03_VC191_3,HC03_VC190_1,HC03_VC189_2,HC03_VC188_1,HC03_VC187_3,HC03_VC186_4,HC03_VC185_1,HC03_VC181_2,HC03_VC180_3,HC03_VC179_1
220,mid,HC03_VC195_4,HC03_VC194_4,HC03_VC193_4,HC03_VC192_4,HC03_VC191_3,HC03_VC190_4,HC03_VC189_2,HC03_VC188_1,HC03_VC187_3,HC03_VC186_1,HC03_VC185_4,HC03_VC181_2,HC03_VC180_2,HC03_VC179_3
221,mid,HC03_VC195_4,HC03_VC194_3,HC03_VC193_2,HC03_VC192_1,HC03_VC191_2,HC03_VC190_3,HC03_VC189_3,HC03_VC188_2,HC03_VC187_1,HC03_VC186_1,HC03_VC185_2,HC03_VC181_1,HC03_VC180_1,HC03_VC179_1
222,mid,HC03_VC195_4,HC03_VC194_4,HC03_VC193_3,HC03_VC192_4,HC03_VC191_3,HC03_VC190_2,HC03_VC189_3,HC03_VC188_3,HC03_VC187_2,HC03_VC186_1,HC03_VC185_4,HC03_VC181_2,HC03_VC180_2,HC03_VC179_1
223,mid,HC03_VC195_4,HC03_VC194_4,HC03_VC193_2,HC03_VC192_4,HC03_VC191_4,HC03_VC190_4,HC03_VC189_3,HC03_VC188_1,HC03_VC187_1,HC03_VC186_4,HC03_VC185_4,HC03_VC181_2,HC03_VC180_1,HC03_VC179_2
224,mid,HC03_VC195_2,HC03_VC194_3,HC03_VC193_4,HC03_VC192_4,HC03_VC191_4,HC03_VC190_2,HC03_VC189_2,HC03_VC188_2,HC03_VC187_2,HC03_VC186_3,HC03_VC185_2,HC03_VC181_2,HC03_VC180_3,HC03_VC179_2
225,mid,HC03_VC195_1,HC03_VC194_1,HC03_VC193_1,HC03_VC192_3,HC03_VC191_4,HC03_VC190_1,HC03_VC189_2,HC03_VC188_2,HC03_VC187_2,HC03_VC186_3,HC03_VC185_2,HC03_VC181_2,HC03_VC180_2,HC03_VC179_2
226,mid,HC03_VC195_4,HC03_VC194_4,HC03_VC193_4,HC03_VC192_4,HC03_VC191_4,HC03_VC190_4,HC03_VC189_3,HC03_VC188_3,HC03_VC187_3,HC03_VC186_1,HC03_VC185_4,HC03_VC181_2,HC03_VC180_3,HC03_VC179_3
227,mid,HC03_VC195_4,HC03_VC194_1,HC03_VC193_3,HC03_VC192_1,HC03_VC191_3,HC03_VC190_1,HC03_VC189_3,HC03_VC188_2,HC03_VC187_3,HC03_VC186_2,HC03_VC185_2,HC03_VC181_2,HC03_VC180_3,HC03_VC179_3
228,mid,HC03_VC195_3,HC03_VC194_3,HC03_VC193_2,HC03_VC192_1,HC03_VC191_1,HC03_VC190_2,HC03_VC189_2,HC03_VC188_2,HC03_VC187_3,HC03_VC186_1,HC03_VC185_3,HC03_VC181_2,HC03_VC180_2,HC03_VC179_2
229,mid,HC03_VC195_3,HC03_VC194_1,HC03_VC193_2,HC03_VC192_3,HC03_VC191_4,HC03_VC190_1,HC03_VC189_2,HC03_VC188_2,HC03_VC187_2,HC03_VC186_3,HC03_VC185_2,HC03_VC181_2,HC03_VC180_2,HC03_VC179_2
230,mid,HC03_VC195_1,HC03_VC194_3,HC03_VC193_1,HC03_VC192_2,HC03_VC191_1,HC03_VC190_3,HC03_VC189_1,HC03_VC188_1,HC03_VC187_1,HC03_VC186_2,HC03_VC185_2,HC03_VC181_2,HC03_VC180_1,HC03_VC179_2
231,mid,HC03_VC195_1,HC03_VC194_1,HC03_VC193_3,HC03_VC192_3,HC03_VC191_4,HC03_VC190_1,HC03_VC189_1,HC03_VC188_2,HC03_VC187_3,HC03_VC186_3,HC03_VC185_2,HC03_VC181_2,HC03_VC180_2,HC03_VC179_2
232,mid,HC03_VC195_2,HC03_VC194_3,HC03_VC193_3,HC03_VC192_3,HC03_VC191_1,HC03_VC190_1,HC03_VC189_1,HC03_VC188_2,HC03_VC187_2,HC03_VC186_1,HC03_VC185_2,HC03_VC181_1,HC03_VC180_2,HC03_VC179_1
233,mid,HC03_VC195_3,HC03_VC194_1,HC03_VC193_1,HC03_VC192_1,HC03_VC191_2,HC03_VC190_1,HC03_VC189_2,HC03_VC188_1,HC03_VC187_1,HC03_VC186_4,HC03_VC185_2,HC03_VC181_2,HC03_VC180_2,HC03_VC179_3
234,mid,HC03_VC195_2,HC03_VC194_1,HC03_VC193_1,HC03_VC192_1,HC03_VC191_1,HC03_VC190_1,HC03_VC189_2,HC03_VC188_1,HC03_VC187_2,HC03_VC186_3,HC03_VC185_2,HC03_VC181_2,HC03_VC180_2,HC03_VC179_2
235,mid,HC03_VC195_1,HC03_VC194_1,HC03_VC193_1,HC03_VC192_1,HC03_VC191_1,HC03_VC190_1,HC03_VC189_2,HC03_VC188_1,HC03_VC187_2,HC03_VC186_3,HC03_VC185_2,HC03_VC181_2,HC03_VC180_2,HC03_VC179_1
236,mid,HC03_VC195_2,HC03_VC194_1,HC03_VC193_1,HC03_VC192_1,HC03_VC191_4,HC03_VC190_1,HC03_VC189_2,HC03_VC188_2,HC03_VC187_2,HC03_VC186_4,HC03_VC185_1,HC03_VC181_2,HC03_VC180_1,HC03_VC179_2
237,mid,HC03_VC195_4,HC03_VC194_4,HC03_VC193_4,HC03_VC192_4,HC03_VC191_2,HC03_VC190_3,HC03_VC189_3,HC03_VC188_3,HC03_VC187_3,HC03_VC186_1,HC03_VC185_4,HC03_VC181_2,HC03_VC180_1,HC03_VC179_3
238,mid,HC03_VC195_3,HC03_VC194_3,HC03_VC193_1,HC03_VC192_3,HC03_VC191_1,HC03_VC190_3,HC03_VC189_2,HC03_VC188_1,HC03_VC187_2,HC03_VC186_2,HC03_VC185_4,HC03_VC181_2,HC03_VC180_1,HC03_VC179_1
239,mid,HC03_VC195_4,HC03_VC194_4,HC03_VC193_1,HC03_VC192_4,HC03_VC191_4,HC03_VC190_1,HC03_VC189_2,HC03_VC188_3,HC03_VC187_3,HC03_VC186_1,HC03_VC185_4,HC03_VC181_2,HC03_VC180_2,HC03_VC179_2
240,mid,HC03_VC195_1,HC03_VC194_2,HC03_VC193_1,HC03_VC192_1,HC03_VC191_1,HC03_VC190_1,HC03_VC189_1,HC03_VC188_2,HC03_VC187_1,HC03_VC186_3,HC03_VC185_1,HC03_VC181_1,HC03_VC180_1,HC03_VC179_1
241,mid,HC03_VC195_4,HC03_VC194_4,HC03_VC193_3,HC03_VC192_4,HC03_VC191_4,HC03_VC190_4,HC03_VC189_2,HC03_VC188_2,HC03_VC187_3,HC03_VC186_1,HC03_VC185_3,HC03_VC181_2,HC03_VC180_3,HC03_VC179_2
242,mid,HC03_VC195_2,HC03_VC194_1,HC03_VC193_1,HC03_VC192_1,HC03_VC191_1,HC03_VC190_1,HC03_VC189_1,HC03_VC188_2,HC03_VC187_1,HC03_VC186_4,HC03_VC185_3,HC03_VC181_2,HC03_VC180_3,HC03_VC179_2
243,mid,HC03_VC195_1,HC03_VC194_1,HC03_VC193_1,HC03_VC192_2,HC03_VC191_4,HC03_VC190_1,HC03_VC189_1,HC03_VC188_1,HC03_VC187_3,HC03_VC186_4,HC03_VC185_1,HC03_VC181_2,HC03_VC180_2,HC03_VC179_2
244,mid,HC03_VC195_1,HC03_VC194_1,HC03_VC193_1,HC03_VC192_1,HC03_VC191_4,HC03_VC190_2,HC03_VC189_1,HC03_VC188_1,HC03_VC187_1,HC03_VC186_4,HC03_VC185_1,HC03_VC181_1,HC03_VC180_1,HC03_VC179_1
245,mid,HC03_VC195_3,HC03_VC194_1,HC03_VC193_1,HC03_VC192_2,HC03_VC191_2,HC03_VC190_1,HC03_VC189_2,HC03_VC188_2,HC03_VC187_2,HC03_VC186_4,HC03_VC185_2,HC03_VC181_1,HC03_VC180_2,HC03_VC179_2
246,mid,HC03_VC195_1,HC03_VC194_2,HC03_VC193_4,HC03_VC192_2,HC03_VC191_4,HC03_VC190_4,HC03_VC189_3,HC03_VC188_3,HC03_VC187_3,HC03_VC186_1,HC03_VC185_4,HC03_VC181_2,HC03_VC180_3,HC03_VC179_3
247,mid,HC03_VC195_2,HC03_VC194_3,HC03_VC193_1,HC03_VC192_2,HC03_VC191_2,HC03_VC190_2,HC03_VC189_1,HC03_VC188_2,HC03_VC187_1,HC03_VC186_3,HC03_VC185_1,HC03_VC181_1,HC03_VC180_1,HC03_VC179_1
248,mid,HC03_VC195_3,HC03_VC194_1,HC03_VC193_1,HC03_VC192_1,HC03_VC191_4,HC03_VC190_2,HC03_VC189_2,HC03_VC188_1,HC03_VC187_2,HC03_VC186_3,HC03_VC185_2,HC03_VC181_1,HC03_VC180_2,HC03_VC179_1
249,mid,HC03_VC195_1,HC03_VC194_2,HC03_VC193_1,HC03_VC192_3,HC03_VC191_2,HC03_VC190_1,HC03_VC189_3,HC03_VC188_3,HC03_VC187_3,HC03_VC186_3,HC03_VC185_3,HC03_VC181_2,HC03_VC180_2,HC03_VC179_2
250,mid,HC03_VC195_4,HC03_VC194_1,HC03_VC193_1,HC03_VC192_4,HC03_VC191_4,HC03_VC190_3,HC03_VC189_3,HC03_VC188_1,HC03_VC187_3,HC03_VC186_3,HC03_VC185_4,HC03_VC181_2,HC03_VC180_3,HC03_VC179_2
251,mid,HC03_VC195_2,HC03_VC194_2,HC03_VC193_1,HC03_VC192_3,HC03_VC191_4,HC03_VC190_2,HC03_VC189_1,HC03_VC188_1,HC03_VC187_3,HC03_VC186_4,HC03_VC185_4,HC03_VC181_1,HC03_VC180_1,HC03_VC179_1
252,mid,HC03_VC195_1,HC03_VC194_3,HC03_VC193_3,HC03_VC192_2,HC03_VC191_1,HC03_VC190_3,HC03_VC189_3,HC03_VC188_2,HC03_VC187_2,HC03_VC186_1,HC03_VC185_2,HC03_VC181_2,HC03_VC180_3,HC03_VC179_1
253,mid,HC03_VC195_4,HC03_VC194_4,HC03_VC193_4,HC03_VC192_4,HC03_VC191_4,HC03_VC190_4,HC03_VC189_3,HC03_VC188_3,HC03_VC187_1,HC03_VC186_3,HC03_VC185_4,HC03_VC181_2,HC03_VC180_1,HC03_VC179_3
254,mid,HC03_VC195_3,HC03_VC194_2,HC03_VC193_1,HC03_VC192_1,HC03_VC191_1,HC03_VC190_2,HC03_VC189_3,HC03_VC188_2,HC03_VC187_2,HC03_VC186_2,HC03_VC185_3,HC03_VC181_2,HC03_VC180_3,HC03_VC179_1
255,mid,HC03_VC195_1,HC03_VC194_1,HC03_VC193_1,HC03_VC192_2,HC03_VC191_2,HC03_VC190_2,HC03_VC189_1,HC03_VC188_2,HC03_VC187_2,HC03_VC186_3,HC03_VC185_1,HC03_VC181_2,HC03_VC180_2,HC03_VC179_2
256,mid,HC03_VC195_1,HC03_VC194_4,HC03_VC193_1,HC03_VC192_2,HC03_VC191_3,HC03_VC190_4,HC03_VC189_3,HC03_VC188_1,HC03_VC187_2,HC03_VC186_2,HC03_VC185_2,HC03_VC181_1,HC03_VC180_1,HC03_VC179_1
257,mid,HC03_VC195_2,HC03_VC194_1,HC03_VC193_3,HC03_VC192_1,HC03_VC191_4,HC03_VC190_1,HC03_VC189_2,HC03_VC188_2,HC03_VC187_3,HC03_VC186_3,HC03_VC185_2,HC03_VC181_2,HC03_VC180_3,HC03_VC179_2
258,mid,HC03_VC195_1,HC03_VC194_1,HC03_VC193_2,HC03_VC192_3,HC03_VC191_4,HC03_VC190_1,HC03_VC189_2,HC03_VC188_1,HC03_VC187_2,HC03_VC186_4,HC03_VC185_1,HC03_VC181_2,HC03_VC180_2,HC03_VC179_2
259,mid,HC03_VC195_1,HC03_VC194_2,HC03_VC193_1,HC03_VC192_2,HC03_VC191_4,HC03_VC190_1,HC03_VC189_1,HC03_VC188_1,HC03_VC187_1,HC03_VC186_4,HC03_VC185_1,HC03_VC181_1,HC03_VC180_1,HC03_VC179_1
260,mid,HC03_VC195_1,HC03_VC194_1,HC03_VC193_3,HC03_VC192_1,HC03_VC191_1,HC03_VC190_2,HC03_VC189_2,HC03_VC188_1,HC03_VC187_1,HC03_VC186_4,HC03_VC185_1,HC03_VC181_2,HC03_VC180_2,HC03_VC179_1
261,mid,HC03_VC195_4,HC03_VC194_4,HC03_VC193_4,HC03_VC192_4,HC03_VC191_2,HC03_VC190_4,HC03_VC189_3,HC03_VC188_2,HC03_VC187_3,HC03_VC186_1,HC03_VC185_4,HC03_VC181_2,HC03_VC180_3,HC03_VC179_3
262,mid,HC03_VC195_1,HC03_VC194_1,HC03_VC193_1,HC03_VC192_1,HC03_VC191_2,HC03_VC190_2,HC03_VC189_1,HC03_VC188_2,HC03_VC187_2,HC03_VC186_3,HC03_VC185_1,HC03_VC181_1,HC03_VC180_1,HC03_VC179_1
263,mid,HC03_VC195_2,HC03_VC194_1,HC03_VC193_2,HC03_VC192_2,HC03_VC191_2,HC03_VC190_1,HC03_VC189_3,HC03_VC188_2,HC03_VC187_1,HC03_VC186_4,HC03_VC185_3,HC03_VC181_2,HC03_VC180_2,HC03_VC179_1
264,mid,HC03_VC195_2,HC03_VC194_2,HC03_VC193_1,HC03_VC192_1,HC03_VC191_3,HC03_VC190_1,HC03_VC189_1,HC03_VC188_2,HC03_VC187_2,HC03_VC186_2,HC03_VC185_3,HC03_VC181_2,HC03_VC180_2,HC03_VC179_2
265,mid,HC03_VC195_1,HC03_VC194_1,HC03_VC193_1,HC03_VC192_2,HC03_VC191_3,HC03_VC190_2,HC03_VC189_2,HC03_VC188_1,HC03_VC187_1,HC03_VC186_4,HC03_VC185_1,HC03_VC181_2,HC03_VC180_2,HC03_VC179_2
266,mid,HC03_VC195_3,HC03_VC194_3,HC03_VC193_3,HC03_VC192_2,HC03_VC191_2,HC03_VC190_3,HC03_VC189_3,HC03_VC188_2,HC03_VC187_3,HC03_VC186_2,HC03_VC185_3,HC03_VC181_2,HC03_VC180_3,HC03_VC179_2
267,mid,HC03_VC195_3,HC03_VC194_1,HC03_VC193_2,HC03_VC192_1,HC03_VC191_1,HC03_VC190_1,HC03_VC189_2,HC03_VC188_2,HC03_VC187_3,HC03_VC186_2,HC03_VC185_2,HC03_VC181_2,HC03_VC180_3,HC03_VC179_3
268,mid,HC03_VC195_4,HC03_VC194_3,HC03_VC193_4,HC03_VC192_3,HC03_VC191_2,HC03_VC190_2,HC03_VC189_2,HC03_VC188_1,HC03_VC187_3,HC03_VC186_1,HC03_VC185_3,HC03_VC181_2,HC03_VC180_3,HC03_VC179_2
269,mid,HC03_VC195_2,HC03_VC194_4,HC03_VC193_1,HC03_VC192_3,HC03_VC191_3,HC03_VC190_3,HC03_VC189_2,HC03_VC188_2,HC03_VC187_3,HC03_VC186_2,HC03_VC185_1,HC03_VC181_2,HC03_VC180_1,HC03_VC179_1
270,mid,HC03_VC195_4,HC03_VC194_2,HC03_VC193_1,HC03_VC192_1,HC03_VC191_1,HC03_VC190_2,HC03_VC189_2,HC03_VC188_1,HC03_VC187_1,HC03_VC186_2,HC03_VC185_4,HC03_VC181_2,HC03_VC180_3,HC03_VC179_1
271,mid,HC03_VC195_3,HC03_VC194_3,HC03_VC193_1,HC03_VC192_1,HC03_VC191_2,HC03_VC190_2,HC03_VC189_3,HC03_VC188_3,HC03_VC187_2,HC03_VC186_2,HC03_VC185_4,HC03_VC181_2,HC03_VC180_3,HC03_VC179_3
272,mid,HC03_VC195_1,HC03_VC194_3,HC03_VC193_1,HC03_VC192_2,HC03_VC191_3,HC03_VC190_3,HC03_VC189_1,HC03_VC188_1,HC03_VC187_1,HC03_VC186_4,HC03_VC185_1,HC03_VC181_1,HC03_VC180_1,HC03_VC179_1
273,mid,HC03_VC195_2,HC03_VC194_4,HC03_VC193_3,HC03_VC192_4,HC03_VC191_3,HC03_VC190_4,HC03_VC189_2,HC03_VC188_2,HC03_VC187_2,HC03_VC186_1,HC03_VC185_2,HC03_VC181_2,HC03_VC180_2,HC03_VC179_2
274,mid,HC03_VC195_1,HC03_VC194_3,HC03_VC193_1,HC03_VC192_1,HC03_VC191_1,HC03_VC190_4,HC03_VC189_1,HC03_VC188_3,HC03_VC187_2,HC03_VC186_3,HC03_VC185_2,HC03_VC181_2,HC03_VC180_2,HC03_VC179_2
275,mid,HC03_VC195_1,HC03_VC194_3,HC03_VC193_2,HC03_VC192_1,HC03_VC191_1,HC03_VC190_3,HC03_VC189_2,HC03_VC188_1,HC03_VC187_1,HC03_VC186_2,HC03_VC185_3,HC03_VC181_2,HC03_VC180_1,HC03_VC179_3
276,mid,HC03_VC195_3,HC03_VC194_4,HC03_VC193_4,HC03_VC192_3,HC03_VC191_1,HC03_VC190_4,HC03_VC189_3,HC03_VC188_3,HC03_VC187_3,HC03_VC186_1,HC03_VC185_4,HC03_VC181_2,HC03_VC180_3,HC03_VC179_2
277,mid,HC03_VC195_3,HC03_VC194_4,HC03_VC193_2,HC03_VC192_4,HC03_VC191_1,HC03_VC190_3,HC03_VC189_1,HC03_VC188_2,HC03_VC187_3,HC03_VC186_2,HC03_VC185_3,HC03_VC181_2,HC03_VC180_1,HC03_VC179_3
278,mid,HC03_VC195_4,HC03_VC194_4,HC03_VC193_4,HC03_VC192_4,HC03_VC191_2,HC03_VC190_3,HC03_VC189_3,HC03_VC188_2,HC03_VC187_2,HC03_VC186_1,HC03_VC185_3,HC03_VC181_2,HC03_VC180_2,HC03_VC179_2
279,mid,HC03_VC195_1,HC03_VC194_2,HC03_VC193_2,HC03_VC192_1,HC03_VC191_3,HC03_VC190_1,HC03_VC189_3,HC03_VC188_1,HC03_VC187_1,HC03_VC186_4,HC03_VC185_1,HC03_VC181_2,HC03_VC180_2,HC03_VC179_2
280,mid,HC03_VC195_1,HC03_VC194_2,HC03_VC193_2,HC03_VC192_3,HC03_VC191_1,HC03_VC190_1,HC03_VC189_1,HC03_VC188_2,HC03_VC187_2,HC03_VC186_3,HC03_VC185_4,HC03_VC181_2,HC03_VC180_3,HC03_VC179_3
281,mid,HC03_VC195_1,HC03_VC194_2,HC03_VC193_4,HC03_VC192_1,HC03_VC191_1,HC03_VC190_2,HC03_VC189_3,HC03_VC188_1,HC03_VC187_1,HC03_VC186_3,HC03_VC185_3,HC03_VC181_1,HC03_VC180_2,HC03_VC179_2
282,mid,HC03_VC195_4,HC03_VC194_3,HC03_VC193_4,HC03_VC192_1,HC03_VC191_4,HC03_VC190_4,HC03_VC189_1,HC03_VC188_1,HC03_VC187_3,HC03_VC186_1,HC03_VC185_4,HC03_VC181_2,HC03_VC180_3,HC03_VC179_3
283,mid,HC03_VC195_1,HC03_VC194_1,HC03_VC193_4,HC03_VC192_1,HC03_VC191_3,HC03_VC190_3,HC03_VC189_2,HC03_VC188_3,HC03_VC187_3,HC03_VC186_2,HC03_VC185_4,HC03_VC181_1,HC03_VC180_2,HC03_VC179_3
284,mid,HC03_VC195_4,HC03_VC194_4,HC03_VC193_4,HC03_VC192_4,HC03_VC191_3,HC03_VC190_4,HC03_VC189_3,HC03_VC188_3,HC03_VC187_3,HC03_VC186_1,HC03_VC185_4,HC03_VC181_2,HC03_VC180_3,HC03_VC179_2
285,mid,HC03_VC195_4,HC03_VC194_3,HC03_VC193_2,HC03_VC192_3,HC03_VC191_4,HC03_VC190_4,HC03_VC189_3,HC03_VC188_3,HC03_VC187_1,HC03_VC186_1,HC03_VC185_4,HC03_VC181_2,HC03_VC180_3,HC03_VC179_1
286,mid,HC03_VC195_3,HC03_VC194_1,HC03_VC193_1,HC03_VC192_2,HC03_VC191_4,HC03_VC190_1,HC03_VC189_3,HC03_VC188_2,HC03_VC187_3,HC03_VC186_3,HC03_VC185_3,HC03_VC181_2,HC03_VC180_1,HC03_VC179_2
287,mid,HC03_VC195_3,HC03_VC194_2,HC03_VC193_3,HC03_VC192_2,HC03_VC191_1,HC03_VC190_3,HC03_VC189_1,HC03_VC188_3,HC03_VC187_2,HC03_VC186_1,HC03_VC185_4,HC03_VC181_2,HC03_VC180_3,HC03_VC179_3
288,mid,HC03_VC195_4,HC03_VC194_3,HC03_VC193_2,HC03_VC192_3,HC03_VC191_1,HC03_VC190_2,HC03_VC189_3,HC03_VC188_2,HC03_VC187_1,HC03_VC186_3,HC03_VC185_4,HC03_VC181_1,HC03_VC180_1,HC03_VC179_2
289,mid,HC03_VC195_1,HC03_VC194_2,HC03_VC193_3,HC03_VC192_2,HC03_VC191_2,HC03_VC190_1,HC03_VC189_2,HC03_VC188_3,HC03_VC187_1,HC03_VC186_3,HC03_VC185_2,HC03_VC181_2,HC03_VC180_3,HC03_VC179_3
290,mid,HC03_VC195_3,HC03_VC194_3,HC03_VC193_3,HC03_VC192_4,HC03_VC191_2,HC03_VC190_4,HC03_VC189_3,HC03_VC188_3,HC03_VC187_3,HC03_VC186_1,HC03_VC185_4,HC03_VC181_2,HC03_VC180_3,HC03_VC179_3
291,mid,HC03_VC195_4,HC03_VC194_4,HC03_VC193_4,HC03_VC192_4,HC03_VC191_3,HC03_VC190_4,HC03_VC189_3,HC03_VC188_3,HC03_VC187_3,HC03_VC186_1,HC03_VC185_4,HC03_VC181_2,HC03_VC180_3,HC03_VC179_3
292,mid,HC03_VC195_1,HC03_VC194_1,HC03_VC193_1,HC03_VC192_1,HC03_VC191_1,HC03_VC190_1,HC03_VC189_1,HC03_VC188_1,HC03_VC187_1,HC03_VC186_4,HC03_VC185_1,HC03_VC181_1,HC03_VC180_1,HC03_VC179_1
293,mid,HC03_VC195_1,HC03_VC194_2,HC03_VC193_1,HC03_VC192_1,HC03_VC191_1,HC03_VC190_3,HC03_VC189_1,HC03_VC188_1,HC03_VC187_2,HC03_VC186_3,HC03_VC185_1,HC03_VC181_1,HC03_VC180_1,HC03_VC179_1
294,mid,HC03_VC195_4,HC03_VC194_3,HC03_VC193_4,HC03_VC192_1,HC03_VC191_3,HC03_VC190_1,HC03_VC189_2,HC03_VC188_3,HC03_VC187_3,HC03_VC186_1,HC03_VC185_4,HC03_VC181_2,HC03_VC180_3,HC03_VC179_3
295,mid,HC03_VC195_3,HC03_VC194_3,HC03_VC193_3,HC03_VC192_2,HC03_VC191_1,HC03_VC190_1,HC03_VC189_1,HC03_VC188_1,HC03_VC187_1,HC03_VC186_2,HC03_VC185_2,HC03_VC181_1,HC03_VC180_1,HC03_VC179_1
296,mid,HC03_VC195_3,HC03_VC194_4,HC03_VC193_4,HC03_VC192_3,HC03_VC191_3,HC03_VC190_2,HC03_VC189_3,HC03_VC188_3,HC03_VC187_2,HC03_VC186_1,HC03_VC185_4,HC03_VC181_2,HC03_VC180_2,HC03_VC179_2
297,mid,HC03_VC195_2,HC03_VC194_1,HC03_VC193_2,HC03_VC192_2,HC03_VC191_4,HC03_VC190_1,HC03_VC189_3,HC03_VC188_2,HC03_VC187_1,HC03_VC186_3,HC03_VC185_2,HC03_VC181_1,HC03_VC180_1,HC03_VC179_1
298,mid,HC03_VC195_1,HC03_VC194_1,HC03_VC193_1,HC03_VC192_2,HC03_VC191_4,HC03_VC190_1,HC03_VC189_2,HC03_VC188_1,HC03_VC187_1,HC03_VC186_4,HC03_VC185_1,HC03_VC181_1,HC03_VC180_1,HC03_VC179_1
299,mid,HC03_VC195_1,HC03_VC194_1,HC03_VC193_2,HC03_VC192_2,HC03_VC191_2,HC03_VC190_1,HC03_VC189_2,HC03_VC188_1,HC03_VC187_2,HC03_VC186_4,HC03_VC185_1,HC03_VC181_2,HC03_VC180_2,HC03_VC179_1
300,mid,HC03_VC195_4,HC03_VC194_2,HC03_VC193_3,HC03_VC192_3,HC03_VC191_1,HC03_VC190_2,HC03_VC189_3,HC03_VC188_1,HC03_VC187_3,HC03_VC186_3,HC03_VC185_4,HC03_VC181_2,HC03_VC180_2,HC03_VC179_2
301,low,HC03_VC195_1,HC03_VC194_3,HC03_VC193_4,HC03_VC192_1,HC03_VC191_3,HC03_VC190_2,HC03_VC189_3,HC03_VC188_1,HC03_VC187_2,HC03_VC186_1,HC03_VC185_4,HC03_VC181_2,HC03_VC180_3,HC03_VC179_2
302,low,HC03_VC195_4,HC03_VC194_2,HC03_VC193_1,HC03_VC192_1,HC03_VC191_1,HC03_VC190_3,HC03_VC189_1,HC03_VC188_1,HC03_VC187_2,HC03_VC186_2,HC03_VC185_4,HC03_VC181_2,HC03_VC180_3,HC03_VC179_2
303,low,HC03_VC195_1,HC03_VC194_3,HC03_VC193_1,HC03_VC192_1,HC03_VC191_1,HC03_VC190_3,HC03_VC189_1,HC03_VC188_1,HC03_VC187_1,HC03_VC186_3,HC03_VC185_3,HC03_VC181_2,HC03_VC180_2,HC03_VC179_2
304,low,HC03_VC195_1,HC03_VC194_1,HC03_VC193_1,HC03_VC192_1,HC03_VC191_3,HC03_VC190_1,HC03_VC189_1,HC03_VC188_1,HC03_VC187_1,HC03_VC186_4,HC03_VC185_2,HC03_VC181_2,HC03_VC180_2,HC03_VC179_2
305,low,HC03_VC195_4,HC03_VC194_2,HC03_VC193_1,HC03_VC192_1,HC03_VC191_1,HC03_VC190_1,HC03_VC189_3,HC03_VC188_3,HC03_VC187_3,HC03_VC186_1,HC03_VC185_3,HC03_VC181_2,HC03_VC180_3,HC03_VC179_3
306,low,HC03_VC195_1,HC03_VC194_2,HC03_VC193_4,HC03_VC192_4,HC03_VC191_2,HC03_VC190_1,HC03_VC189_3,HC03_VC188_2,HC03_VC187_2,HC03_VC186_1,HC03_VC185_1,HC03_VC181_2,HC03_VC180_2,HC03_VC179_2
307,low,HC03_VC195_2,HC03_VC194_4,HC03_VC193_1,HC03_VC192_4,HC03_VC191_4,HC03_VC190_3,HC03_VC189_3,HC03_VC188_3,HC03_VC187_2,HC03_VC186_1,HC03_VC185_3,HC03_VC181_2,HC03_VC180_2,HC03_VC179_3
308,low,HC03_VC195_3,HC03_VC194_3,HC03_VC193_2,HC03_VC192_4,HC03_VC191_1,HC03_VC190_3,HC03_VC189_1,HC03_VC188_2,HC03_VC187_3,HC03_VC186_1,HC03_VC185_3,HC03_VC181_2,HC03_VC180_2,HC03_VC179_3
309,low,HC03_VC195_4,HC03_VC194_2,HC03_VC193_4,HC03_VC192_2,HC03_VC191_3,HC03_VC190_1,HC03_VC189_3,HC03_VC188_3,HC03_VC187_3,HC03_VC186_3,HC03_VC185_4,HC03_VC181_2,HC03_VC180_1,HC03_VC179_3
310,low,HC03_VC195_1,HC03_VC194_2,HC03_VC193_3,HC03_VC192_4,HC03_VC191_3,HC03_VC190_1,HC03_VC189_3,HC03_VC188_1,HC03_VC187_3,HC03_VC186_4,HC03_VC185_4,HC03_VC181_2,HC03_VC180_3,HC03_VC179_3
311,low,HC03_VC195_3,HC03_VC194_1,HC03_VC193_3,HC03_VC192_2,HC03_VC191_4,HC03_VC190_1,HC03_VC189_2,HC03_VC188_1,HC03_VC187_2,HC03_VC186_4,HC03_VC185_1,HC03_VC181_2,HC03_VC180_2,HC03_VC179_3
312,low,HC03_VC195_3,HC03_VC194_1,HC03_VC193_3,HC03_VC192_1,HC03_VC191_2,HC03_VC190_1,HC03_VC189_2,HC03_VC188_1,HC03_VC187_1,HC03_VC186_2,HC03_VC185_1,HC03_VC181_1,HC03_VC180_1,HC03_VC179_2
313,low,HC03_VC195_1,HC03_VC194_1,HC03_VC193_1,HC03_VC192_1,HC03_VC191_4,HC03_VC190_2,HC03_VC189_1,HC03_VC188_1,HC03_VC187_3,HC03_VC186_4,HC03_VC185_3,HC03_VC181_2,HC03_VC180_3,HC03_VC179_2
314,low,HC03_VC195_4,HC03_VC194_1,HC03_VC193_3,HC03_VC192_1,HC03_VC191_4,HC03_VC190_2,HC03_VC189_3,HC03_VC188_2,HC03_VC187_3,HC03_VC186_3,HC03_VC185_2,HC03_VC181_2,HC03_VC180_3,HC03_VC179_2
315,low,HC03_VC195_1,HC03_VC194_2,HC03_VC193_1,HC03_VC192_1,HC03_VC191_1,HC03_VC190_1,HC03_VC189_1,HC03_VC188_1,HC03_VC187_1,HC03_VC186_4,HC03_VC185_1,HC03_VC181_1,HC03_VC180_1,HC03_VC179_1
316,low,HC03_VC195_3,HC03_VC194_1,HC03_VC193_3,HC03_VC192_4,HC03_VC191_4,HC03_VC190_1,HC03_VC189_2,HC03_VC188_2,HC03_VC187_2,HC03_VC186_4,HC03_VC185_1,HC03_VC181_2,HC03_VC180_2,HC03_VC179_3
317,low,HC03_VC195_1,HC03_VC194_1,HC03_VC193_1,HC03_VC192_1,HC03_VC191_3,HC03_VC190_1,HC03_VC189_1,HC03_VC188_1,HC03_VC187_1,HC03_VC186_4,HC03_VC185_1,HC03_VC181_1,HC03_VC180_1,HC03_VC179_1
318,low,HC03_VC195_4,HC03_VC194_3,HC03_VC193_1,HC03_VC192_1,HC03_VC191_1,HC03_VC190_3,HC03_VC189_1,HC03_VC188_3,HC03_VC187_3,HC03_VC186_3,HC03_VC185_4,HC03_VC181_2,HC03_VC180_1,HC03_VC179_3
319,low,HC03_VC195_2,HC03_VC194_1,HC03_VC193_1,HC03_VC192_2,HC03_VC191_4,HC03_VC190_1,HC03_VC189_2,HC03_VC188_2,HC03_VC187_2,HC03_VC186_4,HC03_VC185_2,HC03_VC181_2,HC03_VC180_3,HC03_VC179_2
320,low,HC03_VC195_3,HC03_VC194_2,HC03_VC193_1,HC03_VC192_1,HC03_VC191_1,HC03_VC190_3,HC03_VC189_1,HC03_VC188_3,HC03_VC187_1,HC03_VC186_3,HC03_VC185_3,HC03_VC181_1,HC03_VC180_2,HC03_VC179_3
321,low,HC03_VC195_1,HC03_VC194_1,HC03_VC193_2,HC03_VC192_2,HC03_VC191_3,HC03_VC190_1,HC03_VC189_2,HC03_VC188_1,HC03_VC187_1,HC03_VC186_4,HC03_VC185_1,HC03_VC181_2,HC03_VC180_2,HC03_VC179_2
322,low,HC03_VC195_4,HC03_VC194_2,HC03_VC193_1,HC03_VC192_3,HC03_VC191_1,HC03_VC190_2,HC03_VC189_1,HC03_VC188_2,HC03_VC187_2,HC03_VC186_2,HC03_VC185_4,HC03_VC181_1,HC03_VC180_2,HC03_VC179_1
323,low,HC03_VC195_3,HC03_VC194_2,HC03_VC193_3,HC03_VC192_3,HC03_VC191_2,HC03_VC190_3,HC03_VC189_3,HC03_VC188_2,HC03_VC187_2,HC03_VC186_1,HC03_VC185_2,HC03_VC181_2,HC03_VC180_2,HC03_VC179_3
324,low,HC03_VC195_1,HC03_VC194_4,HC03_VC193_4,HC03_VC192_4,HC03_VC191_4,HC03_VC190_4,HC03_VC189_3,HC03_VC188_2,HC03_VC187_3,HC03_VC186_1,HC03_VC185_4,HC03_VC181_2,HC03_VC180_2,HC03_VC179_1
325,low,HC03_VC195_1,HC03_VC194_4,HC03_VC193_1,HC03_VC192_4,HC03_VC191_3,HC03_VC190_4,HC03_VC189_1,HC03_VC188_3,HC03_VC187_3,HC03_VC186_1,HC03_VC185_2,HC03_VC181_2,HC03_VC180_3,HC03_VC179_2
326,low,HC03_VC195_4,HC03_VC194_4,HC03_VC193_2,HC03_VC192_4,HC03_VC191_1,HC03_VC190_4,HC03_VC189_3,HC03_VC188_1,HC03_VC187_3,HC03_VC186_4,HC03_VC185_4,HC03_VC181_2,HC03_VC180_2,HC03_VC179_3
327,low,HC03_VC195_1,HC03_VC194_1,HC03_VC193_2,HC03_VC192_1,HC03_VC191_2,HC03_VC190_2,HC03_VC189_2,HC03_VC188_1,HC03_VC187_2,HC03_VC186_1,HC03_VC185_3,HC03_VC181_2,HC03_VC180_3,HC03_VC179_2
328,low,HC03_VC195_4,HC03_VC194_3,HC03_VC193_4,HC03_VC192_1,HC03_VC191_1,HC03_VC190_4,HC03_VC189_3,HC03_VC188_3,HC03_VC187_3,HC03_VC186_1,HC03_VC185_4,HC03_VC181_2,HC03_VC180_3,HC03_VC179_3
329,low,HC03_VC195_3,HC03_VC194_2,HC03_VC193_1,HC03_VC192_3,HC03_VC191_1,HC03_VC190_3,HC03_VC189_2,HC03_VC188_2,HC03_VC187_1,HC03_VC186_2,HC03_VC185_3,HC03_VC181_1,HC03_VC180_1,HC03_VC179_1
330,low,HC03_VC195_1,HC03_VC194_2,HC03_VC193_4,HC03_VC192_4,HC03_VC191_2,HC03_VC190_1,HC03_VC189_2,HC03_VC188_3,HC03_VC187_1,HC03_VC186_3,HC03_VC185_4,HC03_VC181_2,HC03_VC180_1,HC03_VC179_2
331,low,HC03_VC195_3,HC03_VC194_1,HC03_VC193_3,HC03_VC192_1,HC03_VC191_4,HC03_VC190_1,HC03_VC189_1,HC03_VC188_2,HC03_VC187_2,HC03_VC186_3,HC03_VC185_3,HC03_VC181_1,HC03_VC180_2,HC03_VC179_2
332,low,HC03_VC195_1,HC03_VC194_1,HC03_VC193_1,HC03_VC192_1,HC03_VC191_1,HC03_VC190_1,HC03_VC189_1,HC03_VC188_1,HC03_VC187_2,HC03_VC186_2,HC03_VC185_2,HC03_VC181_2,HC03_VC180_2,HC03_VC179_2
333,low,HC03_VC195_1,HC03_VC194_1,HC03_VC193_3,HC03_VC192_4,HC03_VC191_4,HC03_VC190_1,HC03_VC189_2,HC03_VC188_3,HC03_VC187_3,HC03_VC186_3,HC03_VC185_3,HC03_VC181_2,HC03_VC180_3,HC03_VC179_2
334,low,HC03_VC195_1,HC03_VC194_1,HC03_VC193_3,HC03_VC192_2,HC03_VC191_3,HC03_VC190_1,HC03_VC189_2,HC03_VC188_1,HC03_VC187_1,HC03_VC186_4,HC03_VC185_1,HC03_VC181_2,HC03_VC180_2,HC03_VC179_2
335,low,HC03_VC195_3,HC03_VC194_1,HC03_VC193_2,HC03_VC192_2,HC03_VC191_4,HC03_VC190_1,HC03_VC189_3,HC03_VC188_1,HC03_VC187_2,HC03_VC186_3,HC03_VC185_2,HC03_VC181_2,HC03_VC180_2,HC03_VC179_2
336,low,HC03_VC195_1,HC03_VC194_4,HC03_VC193_1,HC03_VC192_2,HC03_VC191_2,HC03_VC190_4,HC03_VC189_3,HC03_VC188_1,HC03_VC187_3,HC03_VC186_2,HC03_VC185_3,HC03_VC181_2,HC03_VC180_3,HC03_VC179_2
337,low,HC03_VC195_1,HC03_VC194_1,HC03_VC193_1,HC03_VC192_1,HC03_VC191_3,HC03_VC190_2,HC03_VC189_1,HC03_VC188_1,HC03_VC187_1,HC03_VC186_4,HC03_VC185_1,HC03_VC181_2,HC03_VC180_2,HC03_VC179_2
338,low,HC03_VC195_1,HC03_VC194_4,HC03_VC193_4,HC03_VC192_3,HC03_VC191_3,HC03_VC190_3,HC03_VC189_2,HC03_VC188_3,HC03_VC187_2,HC03_VC186_2,HC03_VC185_4,HC03_VC181_1,HC03_VC180_2,HC03_VC179_2
339,low,HC03_VC195_1,HC03_VC194_1,HC03_VC193_3,HC03_VC192_2,HC03_VC191_4,HC03_VC190_1,HC03_VC189_3,HC03_VC188_1,HC03_VC187_1,HC03_VC186_4,HC03_VC185_1,HC03_VC181_2,HC03_VC180_2,HC03_VC179_2
340,low,HC03_VC195_1,HC03_VC194_1,HC03_VC193_3,HC03_VC192_3,HC03_VC191_4,HC03_VC190_1,HC03_VC189_3,HC03_VC188_1,HC03_VC187_2,HC03_VC186_4,HC03_VC185_1,HC03_VC181_2,HC03_VC180_3,HC03_VC179_2
341,low,HC03_VC195_3,HC03_VC194_2,HC03_VC193_3,HC03_VC192_1,HC03_VC191_2,HC03_VC190_1,HC03_VC189_2,HC03_VC188_1,HC03_VC187_2,HC03_VC186_3,HC03_VC185_3,HC03_VC181_2,HC03_VC180_2,HC03_VC179_2
342,low,HC03_VC195_2,HC03_VC194_3,HC03_VC193_1,HC03_VC192_1,HC03_VC191_1,HC03_VC190_3,HC03_VC189_2,HC03_VC188_1,HC03_VC187_1,HC03_VC186_3,HC03_VC185_3,HC03_VC181_1,HC03_VC180_1,HC03_VC179_1
343,low,HC03_VC195_3,HC03_VC194_2,HC03_VC193_4,HC03_VC192_4,HC03_VC191_2,HC03_VC190_1,HC03_VC189_1,HC03_VC188_1,HC03_VC187_3,HC03_VC186_3,HC03_VC185_4,HC03_VC181_2,HC03_VC180_3,HC03_VC179_1
344,low,HC03_VC195_4,HC03_VC194_2,HC03_VC193_1,HC03_VC192_4,HC03_VC191_2,HC03_VC190_3,HC03_VC189_3,HC03_VC188_2,HC03_VC187_3,HC03_VC186_1,HC03_VC185_3,HC03_VC181_2,HC03_VC180_3,HC03_VC179_3
345,low,HC03_VC195_3,HC03_VC194_1,HC03_VC193_2,HC03_VC192_2,HC03_VC191_3,HC03_VC190_1,HC03_VC189_2,HC03_VC188_1,HC03_VC187_2,HC03_VC186_4,HC03_VC185_2,HC03_VC181_2,HC03_VC180_2,HC03_VC179_2
346,low,HC03_VC195_1,HC03_VC194_1,HC03_VC193_1,HC03_VC192_1,HC03_VC191_1,HC03_VC190_2,HC03_VC189_1,HC03_VC188_1,HC03_VC187_1,HC03_VC186_4,HC03_VC185_1,HC03_VC181_1,HC03_VC180_1,HC03_VC179_2
347,low,HC03_VC195_2,HC03_VC194_1,HC03_VC193_1,HC03_VC192_1,HC03_VC191_4,HC03_VC190_2,HC03_VC189_3,HC03_VC188_1,HC03_VC187_2,HC03_VC186_3,HC03_VC185_4,HC03_VC181_2,HC03_VC180_1,HC03_VC179_3
348,low,HC03_VC195_1,HC03_VC194_3,HC03_VC193_1,HC03_VC192_1,HC03_VC191_3,HC03_VC190_3,HC03_VC189_1,HC03_VC188_1,HC03_VC187_1,HC03_VC186_4,HC03_VC185_1,HC03_VC181_1,HC03_VC180_1,HC03_VC179_1
349,low,HC03_VC195_1,HC03_VC194_3,HC03_VC193_1,HC03_VC192_1,HC03_VC191_1,HC03_VC190_2,HC03_VC189_1,HC03_VC188_1,HC03_VC187_1,HC03_VC186_2,HC03_VC185_1,HC03_VC181_1,HC03_VC180_1,HC03_VC179_1
350,low,HC03_VC195_4,HC03_VC194_4,HC03_VC193_4,HC03_VC192_4,HC03_VC191_4,HC03_VC190_4,HC03_VC189_3,HC03_VC188_3,HC03_VC187_3,HC03_VC186_1,HC03_VC185_3,HC03_VC181_2,HC03_VC180_3,HC03_VC179_3
351,low,HC03_VC195_2,HC03_VC194_2,HC03_VC193_2,HC03_VC192_2,HC03_VC191_1,HC03_VC190_3,HC03_VC189_1,HC03_VC188_2,HC03_VC187_2,HC03_VC186_1,HC03_VC185_2,HC03_VC181_2,HC03_VC180_2,HC03_VC179_1
352,low,HC03_VC195_1,HC03_VC194_1,HC03_VC193_1,HC03_VC192_2,HC03_VC191_4,HC03_VC190_2,HC03_VC189_3,HC03_VC188_2,HC03_VC187_2,HC03_VC186_3,HC03_VC185_1,HC03_VC181_2,HC03_VC180_2,HC03_VC179_1
353,low,HC03_VC195_1,HC03_VC194_2,HC03_VC193_1,HC03_VC192_1,HC03_VC191_1,HC03_VC190_3,HC03_VC189_1,HC03_VC188_1,HC03_VC187_1,HC03_VC186_1,HC03_VC185_1,HC03_VC181_1,HC03_VC180_2,HC03_VC179_2
354,low,HC03_VC195_2,HC03_VC194_1,HC03_VC193_3,HC03_VC192_3,HC03_VC191_3,HC03_VC190_1,HC03_VC189_2,HC03_VC188_1,HC03_VC187_1,HC03_VC186_4,HC03_VC185_1,HC03_VC181_1,HC03_VC180_1,HC03_VC179_1
355,low,HC03_VC195_1,HC03_VC194_3,HC03_VC193_1,HC03_VC192_2,HC03_VC191_1,HC03_VC190_4,HC03_VC189_1,HC03_VC188_2,HC03_VC187_2,HC03_VC186_2,HC03_VC185_3,HC03_VC181_2,HC03_VC180_2,HC03_VC179_1
356,low,HC03_VC195_1,HC03_VC194_2,HC03_VC193_1,HC03_VC192_2,HC03_VC191_1,HC03_VC190_1,HC03_VC189_2,HC03_VC188_1,HC03_VC187_2,HC03_VC186_3,HC03_VC185_2,HC03_VC181_2,HC03_VC180_2,HC03_VC179_2
357,low,HC03_VC195_2,HC03_VC194_2,HC03_VC193_3,HC03_VC192_2,HC03_VC191_4,HC03_VC190_3,HC03_VC189_3,HC03_VC188_3,HC03_VC187_2,HC03_VC186_2,HC03_VC185_4,HC03_VC181_2,HC03_VC180_3,HC03_VC179_2
358,low,HC03_VC195_2,HC03_VC194_3,HC03_VC193_3,HC03_VC192_1,HC03_VC191_1,HC03_VC190_4,HC03_VC189_1,HC03_VC188_2,HC03_VC187_3,HC03_VC186_1,HC03_VC185_3,HC03_VC181_2,HC03_VC180_3,HC03_VC179_3
359,low,HC03_VC195_1,HC03_VC194_1,HC03_VC193_2,HC03_VC192_3,HC03_VC191_4,HC03_VC190_1,HC03_VC189_1,HC03_VC188_1,HC03_VC187_1,HC03_VC186_4,HC03_VC185_1,HC03_VC181_1,HC03_VC180_1,HC03_VC179_1
360,low,HC03_VC195_1,HC03_VC194_2,HC03_VC193_1,HC03_VC192_1,HC03_VC191_4,HC03_VC190_1,HC03_VC189_1,HC03_VC188_1,HC03_VC187_1,HC03_VC186_4,HC03_VC185_2,HC03_VC181_2,HC03_VC180_1,HC03_VC179_1
361,low,HC03_VC195_1,HC03_VC194_3,HC03_VC193_3,HC03_VC192_4,HC03_VC191_1,HC03_VC190_1,HC03_VC189_3,HC03_VC188_2,HC03_VC187_1,HC03_VC186_2,HC03_VC185_2,HC03_VC181_1,HC03_VC180_2,HC03_VC179_2
362,low,HC03_VC195_2,HC03_VC194_2,HC03_VC193_2,HC03_VC192_2,HC03_VC191_3,HC03_VC190_3,HC03_VC189_1,HC03_VC188_2,HC03_VC187_1,HC03_VC186_3,HC03_VC185_1,HC03_VC181_2,HC03_VC180_1,HC03_VC179_2
363,low,HC03_VC195_4,HC03_VC194_2,HC03_VC193_3,HC03_VC192_1,HC03_VC191_2,HC03_VC190_1,HC03_VC189_1,HC03_VC188_3,HC03_VC187_3,HC03_VC186_2,HC03_VC185_3,HC03_VC181_2,HC03_VC180_3,HC03_VC179_2
364,low,HC03_VC195_1,HC03_VC194_4,HC03_VC193_4,HC03_VC192_4,HC03_VC191_4,HC03_VC190_4,HC03_VC189_3,HC03_VC188_2,HC03_VC187_2,HC03_VC186_2,HC03_VC185_2,HC03_VC181_1,HC03_VC180_1,HC03_VC179_2
365,low,HC03_VC195_2,HC03_VC194_2,HC03_VC193_2,HC03_VC192_2,HC03_VC191_1,HC03_VC190_2,HC03_VC189_1,HC03_VC188_2,HC03_VC187_2,HC03_VC186_2,HC03_VC185_3,HC03_VC181_2,HC03_VC180_2,HC03_VC179_2
366,low,HC03_VC195_3,HC03_VC194_1,HC03_VC193_1,HC03_VC192_4,HC03_VC191_2,HC03_VC190_1,HC03_VC189_3,HC03_VC188_2,HC03_VC187_2,HC03_VC186_2,HC03_VC185_3,HC03_VC181_2,HC03_VC180_3,HC03_VC179_2
367,low,HC03_VC195_1,HC03_VC194_3,HC03_VC193_3,HC03_VC192_2,HC03_VC191_1,HC03_VC190_2,HC03_VC189_2,HC03_VC188_3,HC03_VC187_1,HC03_VC186_2,HC03_VC185_1,HC03_VC181_2,HC03_VC180_1,HC03_VC179_1
368,low,HC03_VC195_1,HC03_VC194_4,HC03_VC193_2,HC03_VC192_3,HC03_VC191_3,HC03_VC190_4,HC03_VC189_1,HC03_VC188_2,HC03_VC187_1,HC03_VC186_4,HC03_VC185_1,HC03_VC181_1,HC03_VC180_1,HC03_VC179_1
369,low,HC03_VC195_2,HC03_VC194_3,HC03_VC193_4,HC03_VC192_3,HC03_VC191_2,HC03_VC190_2,HC03_VC189_3,HC03_VC188_2,HC03_VC187_2,HC03_VC186_2,HC03_VC185_1,HC03_VC181_1,HC03_VC180_2,HC03_VC179_1
370,low,HC03_VC195_3,HC03_VC194_1,HC03_VC193_3,HC03_VC192_4,HC03_VC191_4,HC03_VC190_1,HC03_VC189_2,HC03_VC188_1,HC03_VC187_1,HC03_VC186_2,HC03_VC185_2,HC03_VC181_2,HC03_VC180_2,HC03_VC179_3
371,low,HC03_VC195_4,HC03_VC194_2,HC03_VC193_3,HC03_VC192_4,HC03_VC191_2,HC03_VC190_1,HC03_VC189_3,HC03_VC188_2,HC03_VC187_3,HC03_VC186_1,HC03_VC185_4,HC03_VC181_2,HC03_VC180_2,HC03_VC179_3
372,low,HC03_VC195_3,HC03_VC194_2,HC03_VC193_2,HC03_VC192_2,HC03_VC191_1,HC03_VC190_3,HC03_VC189_2,HC03_VC188_1,HC03_VC187_2,HC03_VC186_3,HC03_VC185_3,HC03_VC181_2,HC03_VC180_3,HC03_VC179_2
373,low,HC03_VC195_3,HC03_VC194_3,HC03_VC193_3,HC03_VC192_3,HC03_VC191_1,HC03_VC190_1,HC03_VC189_2,HC03_VC188_3,HC03_VC187_2,HC03_VC186_2,HC03_VC185_2,HC03_VC181_2,HC03_VC180_2,HC03_VC179_1
374,low,HC03_VC195_1,HC03_VC194_1,HC03_VC193_4,HC03_VC192_1,HC03_VC191_1,HC03_VC190_1,HC03_VC189_3,HC03_VC188_2,HC03_VC187_2,HC03_VC186_4,HC03_VC185_4,HC03_VC181_2,HC03_VC180_1,HC03_VC179_2
375,low,HC03_VC195_4,HC03_VC194_3,HC03_VC193_1,HC03_VC192_1,HC03_VC191_3,HC03_VC190_3,HC03_VC189_3,HC03_VC188_3,HC03_VC187_3,HC03_VC186_1,HC03_VC185_4,HC03_VC181_2,HC03_VC180_3,HC03_VC179_1
376,low,HC03_VC195_4,HC03_VC194_1,HC03_VC193_1,HC03_VC192_3,HC03_VC191_3,HC03_VC190_1,HC03_VC189_2,HC03_VC188_1,HC03_VC187_2,HC03_VC186_3,HC03_VC185_3,HC03_VC181_2,HC03_VC180_3,HC03_VC179_3
377,low,HC03_VC195_4,HC03_VC194_3,HC03_VC193_2,HC03_VC192_4,HC03_VC191_3,HC03_VC190_4,HC03_VC189_1,HC03_VC188_3,HC03_VC187_3,HC03_VC186_1,HC03_VC185_4,HC03_VC181_2,HC03_VC180_3,HC03_VC179_3
378,low,HC03_VC195_2,HC03_VC194_3,HC03_VC193_2,HC03_VC192_4,HC03_VC191_4,HC03_VC190_1,HC03_VC189_2,HC03_VC188_3,HC03_VC187_3,HC03_VC186_1,HC03_VC185_4,HC03_VC181_2,HC03_VC180_3,HC03_VC179_3
379,low,HC03_VC195_1,HC03_VC194_1,HC03_VC193_2,HC03_VC192_2,HC03_VC191_4,HC03_VC190_1,HC03_VC189_1,HC03_VC188_1,HC03_VC187_1,HC03_VC186_4,HC03_VC185_1,HC03_VC181_1,HC03_VC180_1,HC03_VC179_1
380,low,HC03_VC195_1,HC03_VC194_1,HC03_VC193_3,HC03_VC192_3,HC03_VC191_2,HC03_VC190_2,HC03_VC189_2,HC03_VC188_1,HC03_VC187_1,HC03_VC186_3,HC03_VC185_2,HC03_VC181_2,HC03_VC180_2,HC03_VC179_2
381,low,HC03_VC195_1,HC03_VC194_3,HC03_VC193_3,HC03_VC192_3,HC03_VC191_1,HC03_VC190_3,HC03_VC189_3,HC03_VC188_2,HC03_VC187_2,HC03_VC186_3,HC03_VC185_2,HC03_VC181_2,HC03_VC180_3,HC03_VC179_2
382,low,HC03_VC195_3,HC03_VC194_4,HC03_VC193_4,HC03_VC192_4,HC03_VC191_4,HC03_VC190_2,HC03_VC189_1,HC03_VC188_3,HC03_VC187_3,HC03_VC186_4,HC03_VC185_4,HC03_VC181_2,HC03_VC180_3,HC03_VC179_3
383,low,HC03_VC195_3,HC03_VC194_1,HC03_VC193_1,HC03_VC192_1,HC03_VC191_3,HC03_VC190_1,HC03_VC189_3,HC03_VC188_2,HC03_VC187_3,HC03_VC186_2,HC03_VC185_4,HC03_VC181_2,HC03_VC180_3,HC03_VC179_3
384,low,HC03_VC195_4,HC03_VC194_1,HC03_VC193_3,HC03_VC192_4,HC03_VC191_3,HC03_VC190_1,HC03_VC189_3,HC03_VC188_1,HC03_VC187_3,HC03_VC186_1,HC03_VC185_4,HC03_VC181_2,HC03_VC180_3,HC03_VC179_2
385,low,HC03_VC195_4,HC03_VC194_4,HC03_VC193_1,HC03_VC192_4,HC03_VC191_3,HC03_VC190_4,HC03_VC189_1,HC03_VC188_1,HC03_VC187_3,HC03_VC186_3,HC03_VC185_4,HC03_VC181_2,HC03_VC180_3,HC03_VC179_2
386,low,HC03_VC195_1,HC03_VC194_4,HC03_VC193_1,HC03_VC192_2,HC03_VC191_4,HC03_VC190_3,HC03_VC189_1,HC03_VC188_2,HC03_VC187_1,HC03_VC186_3,HC03_VC185_1,HC03_VC181_1,HC03_VC180_1,HC03_VC179_1
387,low,HC03_VC195_1,HC03_VC194_3,HC03_VC193_3,HC03_VC192_4,HC03_VC191_1,HC03_VC190_1,HC03_VC189_3,HC03_VC188_1,HC03_VC187_1,HC03_VC186_2,HC03_VC185_3,HC03_VC181_2,HC03_VC180_3,HC03_VC179_3
388,low,HC03_VC195_2,HC03_VC194_1,HC03_VC193_1,HC03_VC192_1,HC03_VC191_1,HC03_VC190_1,HC03_VC189_1,HC03_VC188_1,HC03_VC187_3,HC03_VC186_4,HC03_VC185_2,HC03_VC181_2,HC03_VC180_2,HC03_VC179_2
389,low,HC03_VC195_1,HC03_VC194_3,HC03_VC193_1,HC03_VC192_1,HC03_VC191_2,HC03_VC190_3,HC03_VC189_1,HC03_VC188_2,HC03_VC187_2,HC03_VC186_2,HC03_VC185_1,HC03_VC181_1,HC03_VC180_1,HC03_VC179_1
390,low,HC03_VC195_3,HC03_VC194_2,HC03_VC193_4,HC03_VC192_4,HC03_VC191_2,HC03_VC190_1,HC03_VC189_3,HC03_VC188_2,HC03_VC187_2,HC03_VC186_3,HC03_VC185_3,HC03_VC181_2,HC03_VC180_3,HC03_VC179_2
391,low,HC03_VC195_1,HC03_VC194_1,HC03_VC193_3,HC03_VC192_4,HC03_VC191_3,HC03_VC190_1,HC03_VC189_3,HC03_VC188_1,HC03_VC187_1,HC03_VC186_2,HC03_VC185_2,HC03_VC181_2,HC03_VC180_3,HC03_VC179_2
392,low,HC03_VC195_2,HC03_VC194_2,HC03_VC193_3,HC03_VC192_3,HC03_VC191_1,HC03_VC190_1,HC03_VC189_3,HC03_VC188_1,HC03_VC187_2,HC03_VC186_3,HC03_VC185_2,HC03_VC181_2,HC03_VC180_2,HC03_VC179_3
393,low,HC03_VC195_3,HC03_VC194_4,HC03_VC193_3,HC03_VC192_3,HC03_VC191_4,HC03_VC190_4,HC03_VC189_2,HC03_VC188_2,HC03_VC187_1,HC03_VC186_3,HC03_VC185_3,HC03_VC181_1,HC03_VC180_1,HC03_VC179_1
394,low,HC03_VC195_1,HC03_VC194_1,HC03_VC193_2,HC03_VC192_2,HC03_VC191_2,HC03_VC190_1,HC03_VC189_1,HC03_VC188_1,HC03_VC187_2,HC03_VC186_3,HC03_VC185_2,HC03_VC181_1,HC03_VC180_1,HC03_VC179_2
395,low,HC03_VC195_3,HC03_VC194_2,HC03_VC193_2,HC03_VC192_3,HC03_VC191_1,HC03_VC190_1,HC03_VC189_2,HC03_VC188_2,HC03_VC187_1,HC03_VC186_4,HC03_VC185_4,HC03_VC181_2,HC03_VC180_3,HC03_VC179_3
396,low,HC03_VC195_1,HC03_VC194_3,HC03_VC193_1,HC03_VC192_1,HC03_VC191_1,HC03_VC190_3,HC03_VC189_1,HC03_VC188_2,HC03_VC187_1,HC03_VC186_3,HC03_VC185_2,HC03_VC181_1,HC03_VC180_1,HC03_VC179_1
397,low,HC03_VC195_4,HC03_VC194_2,HC03_VC193_1,HC03_VC192_1,HC03_VC191_2,HC03_VC190_1,HC03_VC189_3,HC03_VC188_3,HC03_VC187_2,HC03_VC186_2,HC03_VC185_4,HC03_VC181_2,HC03_VC180_2,HC03_VC179_2
398,low,HC03_VC195_1,HC03_VC194_3,HC03_VC193_1,HC03_VC192_1,HC03_VC191_2,HC03_VC190_3,HC03_VC189_1,HC03_VC188_1,HC03_VC187_1,HC03_VC186_4,HC03_VC185_3,HC03_VC181_1,HC03_VC180_1,HC03_VC179_1
399,low,HC03_VC195_2,HC03_VC194_1,HC03_VC193_1,HC03_VC192_1,HC03_VC191_2,HC03_VC190_1,HC03_VC189_1,HC03_VC188_1,HC03_VC187_1,HC03_VC186_3,HC03_VC185_2,HC03_VC181_2,HC03_VC180_3,HC03_VC179_2
400,low,HC03_VC195_1,HC03_VC194_4,HC03_VC193_1,HC03_VC192_3,HC03_VC191_4,HC03_VC190_4,HC03_VC189_3,HC03_VC188_2,HC03_VC187_2,HC03_VC186_2,HC03_VC185_1,HC03_VC181_2,HC03_VC180_2,HC03_VC179_1
401,low,HC03_VC195_3,HC03_VC194_3,HC03_VC193_1,HC03_VC192_4,HC03_VC191_3,HC03_VC190_1,HC03_VC189_1,HC03_VC188_3,HC03_VC187_2,HC03_VC186_2,HC03_VC185_4,HC03_VC181_2,HC03_VC180_2,HC03_VC179_3
402,low,HC03_VC195_1,HC03_VC194_3,HC03_VC193_1,HC03_VC192_1,HC03_VC191_2,HC03_VC190_3,HC03_VC189_1,HC03_VC188_1,HC03_VC187_1,HC03_VC186_4,HC03_VC185_1,HC03_VC181_1,HC03_VC180_1,HC03_VC179_1
403,low,HC03_VC195_4,HC03_VC194_2,HC03_VC193_4,HC03_VC192_2,HC03_VC191_4,HC03_VC190_3,HC03_VC189_3,HC03_VC188_3,HC03_VC187_3,HC03_VC186_3,HC03_VC185_4,HC03_VC181_2,HC03_VC180_3,HC03_VC179_2
404,low,HC03_VC195_3,HC03_VC194_3,HC03_VC193_1,HC03_VC192_2,HC03_VC191_3,HC03_VC190_4,HC03_VC189_2,HC03_VC188_3,HC03_VC187_1,HC03_VC186_2,HC03_VC185_3,HC03_VC181_1,HC03_VC180_1,HC03_VC179_1
405,low,HC03_VC195_1,HC03_VC194_2,HC03_VC193_1,HC03_VC192_1,HC03_VC191_1,HC03_VC190_2,HC03_VC189_1,HC03_VC188_1,HC03_VC187_1,HC03_VC186_4,HC03_VC185_4,HC03_VC181_1,HC03_VC180_1,HC03_VC179_1
406,low,HC03_VC195_2,HC03_VC194_4,HC03_VC193_1,HC03_VC192_3,HC03_VC191_4,HC03_VC190_4,HC03_VC189_2,HC03_VC188_2,HC03_VC187_1,HC03_VC186_4,HC03_VC185_1,HC03_VC181_1,HC03_VC180_1,HC03_VC179_1
407,low,HC03_VC195_1,HC03_VC194_1,HC03_VC193_1,HC03_VC192_2,HC03_VC191_2,HC03_VC190_2,HC03_VC189_1,HC03_VC188_1,HC03_VC187_1,HC03_VC186_4,HC03_VC185_1,HC03_VC181_1,HC03_VC180_1,HC03_VC179_1
408,low,HC03_VC195_4,HC03_VC194_1,HC03_VC193_3,HC03_VC192_1,HC03_VC191_4,HC03_VC190_3,HC03_VC189_3,HC03_VC188_2,HC03_VC187_2,HC03_VC186_2,HC03_VC185_2,HC03_VC181_2,HC03_VC180_2,HC03_VC179_3
409,low,HC03_VC195_2,HC03_VC194_3,HC03_VC193_1,HC03_VC192_2,HC03_VC191_1,HC03_VC190_2,HC03_VC189_1,HC03_VC188_1,HC03_VC187_2,HC03_VC186_3,HC03_VC185_1,HC03_VC181_1,HC03_VC180_1,HC03_VC179_1
410,low,HC03_VC195_4,HC03_VC194_1,HC03_VC193_4,HC03_VC192_2,HC03_VC191_2,HC03_VC190_1,HC03_VC189_3,HC03_VC188_1,HC03_VC187_2,HC03_VC186_1,HC03_VC185_4,HC03_VC181_2,HC03_VC180_3,HC03_VC179_3
411,low,HC03_VC195_1,HC03_VC194_2,HC03_VC193_1,HC03_VC192_3,HC03_VC191_4,HC03_VC190_3,HC03_VC189_2,HC03_VC188_2,HC03_VC187_1,HC03_VC186_2,HC03_VC185_2,HC03_VC181_1,HC03_VC180_1,HC03_VC179_1
412,low,HC03_VC195_1,HC03_VC194_3,HC03_VC193_1,HC03_VC192_2,HC03_VC191_3,HC03_VC190_3,HC03_VC189_1,HC03_VC188_2,HC03_VC187_1,HC03_VC186_4,HC03_VC185_1,HC03_VC181_1,HC03_VC180_1,HC03_VC179_1
413,low,HC03_VC195_3,HC03_VC194_4,HC03_VC193_3,HC03_VC192_4,HC03_VC191_4,HC03_VC190_4,HC03_VC189_3,HC03_VC188_2,HC03_VC187_2,HC03_VC186_4,HC03_VC185_3,HC03_VC181_2,HC03_VC180_1,HC03_VC179_2
414,low,HC03_VC195_1,HC03_VC194_1,HC03_VC193_2,HC03_VC192_1,HC03_VC191_1,HC03_VC190_2,HC03_VC189_1,HC03_VC188_1,HC03_VC187_2,HC03_VC186_4,HC03_VC185_2,HC03_VC181_1,HC03_VC180_1,HC03_VC179_1
415,low,HC03_VC195_1,HC03_VC194_2,HC03_VC193_2,HC03_VC192_1,HC03_VC191_2,HC03_VC190_3,HC03_VC189_1,HC03_VC188_3,HC03_VC187_1,HC03_VC186_2,HC03_VC185_3,HC03_VC181_1,HC03_VC180_1,HC03_VC179_1
416,low,HC03_VC195_1,HC03_VC194_1,HC03_VC193_1,HC03_VC192_1,HC03_VC191_3,HC03_VC190_1,HC03_VC189_1,HC03_VC188_1,HC03_VC187_1,HC03_VC186_4,HC03_VC185_1,HC03_VC181_1,HC03_VC180_1,HC03_VC179_1
417,low,HC03_VC195_3,HC03_VC194_4,HC03_VC193_3,HC03_VC192_4,HC03_VC191_4,HC03_VC190_3,HC03_VC189_3,HC03_VC188_2,HC03_VC187_3,HC03_VC186_3,HC03_VC185_3,HC03_VC181_2,HC03_VC180_2,HC03_VC179_3
418,low,HC03_VC195_3,HC03_VC194_4,HC03_VC193_1,HC03_VC192_2,HC03_VC191_3,HC03_VC190_3,HC03_VC189_2,HC03_VC188_1,HC03_VC187_2,HC03_VC186_3,HC03_VC185_1,HC03_VC181_1,HC03_VC180_2,HC03_VC179_1
419,low,HC03_VC195_1,HC03_VC194_3,HC03_VC193_1,HC03_VC192_1,HC03_VC191_2,HC03_VC190_3,HC03_VC189_1,HC03_VC188_2,HC03_VC187_1,HC03_VC186_2,HC03_VC185_1,HC03_VC181_1,HC03_VC180_1,HC03_VC179_1
420,low,HC03_VC195_1,HC03_VC194_2,HC03_VC193_1,HC03_VC192_2,HC03_VC191_1,HC03_VC190_3,HC03_VC189_1,HC03_VC188_2,HC03_VC187_2,HC03_VC186_4,HC03_VC185_4,HC03_VC181_2,HC03_VC180_1,HC03_VC179_1
421,low,HC03_VC195_2,HC03_VC194_3,HC03_VC193_3,HC03_VC192_3,HC03_VC191_2,HC03_VC190_3,HC03_VC189_3,HC03_VC188_2,HC03_VC187_2,HC03_VC186_1,HC03_VC185_2,HC03_VC181_2,HC03_VC180_2,HC03_VC179_2
422,low,HC03_VC195_3,HC03_VC194_1,HC03_VC193_1,HC03_VC192_1,HC03_VC191_3,HC03_VC190_1,HC03_VC189_2,HC03_VC188_2,HC03_VC187_3,HC03_VC186_3,HC03_VC185_3,HC03_VC181_2,HC03_VC180_2,HC03_VC179_3
423,low,HC03_VC195_4,HC03_VC194_3,HC03_VC193_4,HC03_VC192_4,HC03_VC191_3,HC03_VC190_1,HC03_VC189_3,HC03_VC188_3,HC03_VC187_3,HC03_VC186_4,HC03_VC185_3,HC03_VC181_2,HC03_VC180_3,HC03_VC179_3
424,low,HC03_VC195_1,HC03_VC194_2,HC03_VC193_1,HC03_VC192_2,HC03_VC191_3,HC03_VC190_2,HC03_VC189_1,HC03_VC188_1,HC03_VC187_1,HC03_VC186_4,HC03_VC185_1,HC03_VC181_1,HC03_VC180_1,HC03_VC179_1
425,low,HC03_VC195_4,HC03_VC194_2,HC03_VC193_2,HC03_VC192_4,HC03_VC191_1,HC03_VC190_2,HC03_VC189_3,HC03_VC188_2,HC03_VC187_3,HC03_VC186_2,HC03_VC185_4,HC03_VC181_2,HC03_VC180_2,HC03_VC179_3
426,low,HC03_VC195_3,HC03_VC194_3,HC03_VC193_4,HC03_VC192_4,HC03_VC191_2,HC03_VC190_2,HC03_VC189_3,HC03_VC188_2,HC03_VC187_2,HC03_VC186_3,HC03_VC185_2,HC03_VC181_2,HC03_VC180_2,HC03_VC179_3
427,low,HC03_VC195_1,HC03_VC194_3,HC03_VC193_1,HC03_VC192_3,HC03_VC191_4,HC03_VC190_4,HC03_VC189_1,HC03_VC188_2,HC03_VC187_1,HC03_VC186_4,HC03_VC185_2,HC03_VC181_1,HC03_VC180_1,HC03_VC179_1