,drug,HC03_VC156,HC03_VC157,HC03_VC158,HC03_VC159,HC03_VC160,HC03_VC161,HC03_VC162
0,high,HC03_VC156_1,HC03_VC157_3,HC03_VC158_1,HC03_VC159_1,HC03_VC160_2,HC03_VC161_2,HC03_VC162_3
1,high,HC03_VC156_4,HC03_VC157_4,HC03_VC158_2,HC03_VC159_1,HC03_VC160_2,HC03_VC161_3,HC03_VC162_3
2,high,HC03_VC156_4,HC03_VC157_4,HC03_VC158_4,HC03_VC159_1,HC03_VC160_2,HC03_VC161_2,HC03_VC162_3
3,high,HC03_VC156_4,HC03_VC157_2,HC03_VC158_4,HC03_VC159_3,HC03_VC160_2,HC03_VC161_1,HC03_VC162_2
4,high,HC03_VC156_4,HC03_VC157_1,HC03_VC158_3,HC03_VC159_3,HC03_VC160_2,HC03_VC161_4,HC03_VC162_3
5,high,HC03_VC156_1,HC03_VC157_2,HC03_VC158_2,HC03_VC159_1,HC03_VC160_1,HC03_VC161_3,HC03_VC162_2
6,high,HC03_VC156_3,HC03_VC157_2,HC03_VC158_4,HC03_VC159_3,HC03_VC160_2,HC03_VC161_1,HC03_VC162_3
7,high,HC03_VC156_3,HC03_VC157_4,HC03_VC158_2,HC03_VC159_3,HC03_VC160_2,HC03_VC161_1,HC03_VC162_3
8,high,HC03_VC156_4,HC03_VC157_1,HC03_VC158_2,HC03_VC159_3,HC03_VC160_2,HC03_VC161_4,HC03_VC162_3
9,high,HC03_VC156_3,HC03_VC157_1,HC03_VC158_3,HC03_VC159_2,HC03_VC160_2,HC03_VC161_2,HC03_VC162_3
10,high,HC03_VC156_4,HC03_VC157_2,HC03_VC158_3,HC03_VC159_2,HC03_VC160_2,HC03_VC161_2,HC03_VC162_3
11,high,HC03_VC156_3,HC03_VC157_4,HC03_VC158_3,HC03_VC159_1,HC03_VC160_1,HC03_VC161_4,HC03_VC162_3
12,high,HC03_VC156_2,HC03_VC157_3,HC03_VC158_3,HC03_VC159_2,HC03_VC160_2,HC03_VC161_1,HC03_VC162_2
13,high,HC03_VC156_3,HC03_VC157_3,HC03_VC158_1,HC03_VC159_3,HC03_VC160_2,HC03_VC161_3,HC03_VC162_3
14,high,HC03_VC156_2,HC03_VC157_4,HC03_VC158_3,HC03_VC159_1,HC03_VC160_1,HC03_VC161_1,HC03_VC162_3
15,high,HC03_VC156_1,HC03_VC157_3,HC03_VC158_1,HC03_VC159_1,HC03_VC160_1,HC03_VC161_3,HC03_VC162_2
16,high,HC03_VC156_3,HC03_VC157_2,HC03_VC158_3,HC03_VC159_2,HC03_VC160_2,HC03_VC161_1,HC03_VC162_3
17,high,HC03_VC156_2,HC03_VC157_2,HC03_VC158_1,HC03_VC159_2,HC03_VC160_1,HC03_VC161_4,HC03_VC162_1
18,high,HC03_VC156_4,HC03_VC157_2,HC03_VC158_4,HC03_VC159_3,HC03_VC160_2,HC03_VC161_1,HC03_VC162_3
19,high,HC03_VC156_1,HC03_VC157_4,HC03_VC158_3,HC03_VC159_1,HC03_VC160_2,HC03_VC161_2,HC03_VC162_2
20,high,HC03_VC156_1,HC03_VC157_4,HC03_VC158_4,HC03_VC159_2,HC03_VC160_2,HC03_VC161_1,HC03_VC162_3
21,high,HC03_VC156_4,HC03_VC157_1,HC03_VC158_4,HC03_VC159_3,HC03_VC160_2,HC03_VC161_1,HC03_VC162_3
22,high,HC03_VC156_4,HC03_VC157_4,HC03_VC158_1,HC03_VC159_3,HC03_VC160_2,HC03_VC161_2,HC03_VC162_3
23,high,HC03_VC156_4,HC03_VC157_4,HC03_VC158_3,HC03_VC159_1,HC03_VC160_2,HC03_VC161_2,HC03_VC162_1
24,high,HC03_VC156_3,HC03_VC157_3,HC03_VC158_1,HC03_VC159_1,HC03_VC160_2,HC03_VC161_4,HC03_VC162_1
25,high,HC03_VC156_4,HC03_VC157_1,HC03_VC158_4,HC03_VC159_3,HC03_VC160_2,HC03_VC161_4,HC03_VC162_3
26,high,HC03_VC156_4,HC03_VC157_2,HC03_VC158_2,HC03_VC159_1,HC03_VC160_2,HC03_VC161_3,HC03_VC162_3
27,high,HC03_VC156_2,HC03_VC157_3,HC03_VC158_3,HC03_VC159_2,HC03_VC160_2,HC03_VC161_2,HC03_VC162_2
28,high,HC03_VC156_4,HC03_VC157_4,HC03_VC158_2,HC03_VC159_3,HC03_VC160_2,HC03_VC161_1,HC03_VC162_3
29,high,HC03_VC156_4,HC03_VC157_4,HC03_VC158_1,HC03_VC159_3,HC03_VC160_2,HC03_VC161_4,HC03_VC162_3
30,high,HC03_VC156_2,HC03_VC157_4,HC03_VC158_2,HC03_VC159_1,HC03_VC160_1,HC03_VC161_1,HC03_VC162_3
31,high,HC03_VC156_2,HC03_VC157_3,HC03_VC158_2,HC03_VC159_1,HC03_VC160_2,HC03_VC161_2,HC03_VC162_2
32,high,HC03_VC156_3,HC03_VC157_1,HC03_VC158_3,HC03_VC159_3,HC03_VC160_2,HC03_VC161_3,HC03_VC162_1
33,high,HC03_VC156_4,HC03_VC157_1,HC03_VC158_3,HC03_VC159_3,HC03_VC160_2,HC03_VC161_2,HC03_VC162_3
34,high,HC03_VC156_1,HC03_VC157_1,HC03_VC158_3,HC03_VC159_3,HC03_VC160_2,HC03_VC161_3,HC03_VC162_2
35,high,HC03_VC156_4,HC03_VC157_4,HC03_VC158_3,HC03_VC159_3,HC03_VC160_1,HC03_VC161_1,HC03_VC162_3
36,high,HC03_VC156_4,HC03_VC157_4,HC03_VC158_4,HC03_VC159_3,HC03_VC160_2,HC03_VC161_4,HC03_VC162_3
37,high,HC03_VC156_4,HC03_VC157_4,HC03_VC158_1,HC03_VC159_3,HC03_VC160_2,HC03_VC161_4,HC03_VC162_3
38,high,HC03_VC156_4,HC03_VC157_4,HC03_VC158_1,HC03_VC159_3,HC03_VC160_2,HC03_VC161_3,HC03_VC162_1
39,high,HC03_VC156_1,HC03_VC157_4,HC03_VC158_3,HC03_VC159_1,HC03_VC160_2,HC03_VC161_1,HC03_VC162_3
40,high,HC03_VC156_2,HC03_VC157_2,HC03_VC158_3,HC03_VC159_1,HC03_VC160_2,HC03_VC161_2,HC03_VC162_2
41,high,HC03_VC156_2,HC03_VC157_4,HC03_VC158_1,HC03_VC159_1,HC03_VC160_2,HC03_VC161_4,HC03_VC162_2
42,high,HC03_VC156_4,HC03_VC157_1,HC03_VC158_4,HC03_VC159_3,HC03_VC160_2,HC03_VC161_2,HC03_VC162_3
43,high,HC03_VC156_3,HC03_VC157_4,HC03_VC158_4,HC03_VC159_3,HC03_VC160_2,HC03_VC161_1,HC03_VC162_1
44,high,HC03_VC156_2,HC03_VC157_3,HC03_VC158_1,HC03_VC159_1,HC03_VC160_2,HC03_VC161_3,HC03_VC162_3
45,high,HC03_VC156_4,HC03_VC157_1,HC03_VC158_4,HC03_VC159_3,HC03_VC160_2,HC03_VC161_4,HC03_VC162_3
46,high,HC03_VC156_2,HC03_VC157_2,HC03_VC158_3,HC03_VC159_1,HC03_VC160_2,HC03_VC161_2,HC03_VC162_2
47,high,HC03_VC156_4,HC03_VC157_4,HC03_VC158_1,HC03_VC159_3,HC03_VC160_2,HC03_VC161_4,HC03_VC162_3
48,high,HC03_VC156_2,HC03_VC157_3,HC03_VC158_2,HC03_VC159_3,HC03_VC160_2,HC03_VC161_2,HC03_VC162_2
49,high,HC03_VC156_1,HC03_VC157_3,HC03_VC158_4,HC03_VC159_2,HC03_VC160_2,HC03_VC161_1,HC03_VC162_3
50,high,HC03_VC156_3,HC03_VC157_2,HC03_VC158_1,HC03_VC159_1,HC03_VC160_2,HC03_VC161_3,HC03_VC162_3
51,high,HC03_VC156_3,HC03_VC157_4,HC03_VC158_4,HC03_VC159_3,HC03_VC160_2,HC03_VC161_1,HC03_VC162_2
52,high,HC03_VC156_4,HC03_VC157_4,HC03_VC158_1,HC03_VC159_1,HC03_VC160_1,HC03_VC161_4,HC03_VC162_3
53,high,HC03_VC156_2,HC03_VC157_2,HC03_VC158_1,HC03_VC159_2,HC03_VC160_2,HC03_VC161_3,HC03_VC162_1
54,high,HC03_VC156_1,HC03_VC157_3,HC03_VC158_1,HC03_VC159_1,HC03_VC160_2,HC03_VC161_4,HC03_VC162_2
55,high,HC03_VC156_2,HC03_VC157_1,HC03_VC158_3,HC03_VC159_3,HC03_VC160_2,HC03_VC161_3,HC03_VC162_2
56,high,HC03_VC156_3,HC03_VC157_3,HC03_VC158_1,HC03_VC159_1,HC03_VC160_2,HC03_VC161_3,HC03_VC162_1
57,high,HC03_VC156_1,HC03_VC157_3,HC03_VC158_1,HC03_VC159_2,HC03_VC160_1,HC03_VC161_3,HC03_VC162_2
58,high,HC03_VC156_2,HC03_VC157_3,HC03_VC158_2,HC03_VC159_2,HC03_VC160_1,HC03_VC161_2,HC03_VC162_2
59,high,HC03_VC156_4,HC03_VC157_1,HC03_VC158_1,HC03_VC159_3,HC03_VC160_2,HC03_VC161_4,HC03_VC162_3
60,high,HC03_VC156_1,HC03_VC157_2,HC03_VC158_1,HC03_VC159_2,HC03_VC160_1,HC03_VC161_3,HC03_VC162_2
61,high,HC03_VC156_1,HC03_VC157_2,HC03_VC158_2,HC03_VC159_2,HC03_VC160_2,HC03_VC161_3,HC03_VC162_3
62,high,HC03_VC156_1,HC03_VC157_1,HC03_VC158_2,HC03_VC159_2,HC03_VC160_2,HC03_VC161_3,HC03_VC162_3
63,high,HC03_VC156_2,HC03_VC157_4,HC03_VC158_3,HC03_VC159_3,HC03_VC160_1,HC03_VC161_1,HC03_VC162_3
64,high,HC03_VC156_3,HC03_VC157_4,HC03_VC158_4,HC03_VC159_1,HC03_VC160_2,HC03_VC161_2,HC03_VC162_1
65,high,HC03_VC156_1,HC03_VC157_4,HC03_VC158_3,HC03_VC159_1,HC03_VC160_2,HC03_VC161_1,HC03_VC162_3
66,high,HC03_VC156_3,HC03_VC157_4,HC03_VC158_1,HC03_VC159_1,HC03_VC160_2,HC03_VC161_3,HC03_VC162_3
67,high,HC03_VC156_1,HC03_VC157_3,HC03_VC158_1,HC03_VC159_1,HC03_VC160_1,HC03_VC161_3,HC03_VC162_2
68,high,HC03_VC156_1,HC03_VC157_3,HC03_VC158_2,HC03_VC159_1,HC03_VC160_2,HC03_VC161_2,HC03_VC162_3
69,high,HC03_VC156_3,HC03_VC157_3,HC03_VC158_1,HC03_VC159_1,HC03_VC160_2,HC03_VC161_4,HC03_VC162_2
70,high,HC03_VC156_2,HC03_VC157_3,HC03_VC158_3,HC03_VC159_3,HC03_VC160_2,HC03_VC161_1,HC03_VC162_3
71,high,HC03_VC156_2,HC03_VC157_3,HC03_VC158_1,HC03_VC159_2,HC03_VC160_2,HC03_VC161_3,HC03_VC162_3
72,high,HC03_VC156_2,HC03_VC157_2,HC03_VC158_1,HC03_VC159_2,HC03_VC160_1,HC03_VC161_3,HC03_VC162_1
73,high,HC03_VC156_3,HC03_VC157_1,HC03_VC158_2,HC03_VC159_3,HC03_VC160_2,HC03_VC161_4,HC03_VC162_3
74,high,HC03_VC156_3,HC03_VC157_3,HC03_VC158_3,HC03_VC159_3,HC03_VC160_2,HC03_VC161_1,HC03_VC162_1
75,high,HC03_VC156_2,HC03_VC157_4,HC03_VC158_3,HC03_VC159_3,HC03_VC160_2,HC03_VC161_1,HC03_VC162_3
76,high,HC03_VC156_3,HC03_VC157_4,HC03_VC158_1,HC03_VC159_2,HC03_VC160_2,HC03_VC161_1,HC03_VC162_3
77,high,HC03_VC156_2,HC03_VC157_4,HC03_VC158_2,HC03_VC159_3,HC03_VC160_2,HC03_VC161_2,HC03_VC162_1
78,high,HC03_VC156_1,HC03_VC157_4,HC03_VC158_2,HC03_VC159_1,HC03_VC160_1,HC03_VC161_2,HC03_VC162_2
79,high,HC03_VC156_1,HC03_VC157_4,HC03_VC158_3,HC03_VC159_3,HC03_VC160_2,HC03_VC161_1,HC03_VC162_2
80,high,HC03_VC156_2,HC03_VC157_3,HC03_VC158_2,HC03_VC159_1,HC03_VC160_1,HC03_VC161_3,HC03_VC162_2
81,high,HC03_VC156_4,HC03_VC157_3,HC03_VC158_2,HC03_VC159_2,HC03_VC160_2,HC03_VC161_3,HC03_VC162_1
82,high,HC03_VC156_2,HC03_VC157_4,HC03_VC158_1,HC03_VC159_2,HC03_VC160_1,HC03_VC161_2,HC03_VC162_2
83,high,HC03_VC156_3,HC03_VC157_3,HC03_VC158_4,HC03_VC159_3,HC03_VC160_2,HC03_VC161_1,HC03_VC162_3
84,high,HC03_VC156_3,HC03_VC157_4,HC03_VC158_4,HC03_VC159_3,HC03_VC160_2,HC03_VC161_1,HC03_VC162_3
85,high,HC03_VC156_4,HC03_VC157_4,HC03_VC158_1,HC03_VC159_3,HC03_VC160_2,HC03_VC161_1,HC03_VC162_3
86,high,HC03_VC156_3,HC03_VC157_3,HC03_VC158_4,HC03_VC159_1,HC03_VC160_2,HC03_VC161_1,HC03_VC162_3
87,high,HC03_VC156_3,HC03_VC157_1,HC03_VC158_3,HC03_VC159_3,HC03_VC160_2,HC03_VC161_4,HC03_VC162_2
88,high,HC03_VC156_3,HC03_VC157_4,HC03_VC158_3,HC03_VC159_3,HC03_VC160_2,HC03_VC161_2,HC03_VC162_1
89,high,HC03_VC156_4,HC03_VC157_4,HC03_VC158_1,HC03_VC159_2,HC03_VC160_2,HC03_VC161_4,HC03_VC162_3
90,high,HC03_VC156_4,HC03_VC157_1,HC03_VC158_4,HC03_VC159_3,HC03_VC160_2,HC03_VC161_4,HC03_VC162_3
91,high,HC03_VC156_3,HC03_VC157_1,HC03_VC158_3,HC03_VC159_3,HC03_VC160_2,HC03_VC161_3,HC03_VC162_1
92,high,HC03_VC156_2,HC03_VC157_2,HC03_VC158_3,HC03_VC159_1,HC03_VC160_1,HC03_VC161_3,HC03_VC162_1
93,high,HC03_VC156_2,HC03_VC157_3,HC03_VC158_2,HC03_VC159_2,HC03_VC160_2,HC03_VC161_2,HC03_VC162_3
94,high,HC03_VC156_4,HC03_VC157_1,HC03_VC158_3,HC03_VC159_2,HC03_VC160_2,HC03_VC161_4,HC03_VC162_3
95,high,HC03_VC156_3,HC03_VC157_4,HC03_VC158_2,HC03_VC159_3,HC03_VC160_2,HC03_VC161_1,HC03_VC162_2
96,high,HC03_VC156_1,HC03_VC157_3,HC03_VC158_1,HC03_VC159_1,HC03_VC160_2,HC03_VC161_3,HC03_VC162_3
97,high,HC03_VC156_2,HC03_VC157_3,HC03_VC158_4,HC03_VC159_3,HC03_VC160_2,HC03_VC161_1,HC03_VC162_3
98,high,HC03_VC156_3,HC03_VC157_4,HC03_VC158_4,HC03_VC159_3,HC03_VC160_2,HC03_VC161_1,HC03_VC162_1
99,high,HC03_VC156_4,HC03_VC157_4,HC03_VC158_4,HC03_VC159_3,HC03_VC160_2,HC03_VC161_1,HC03_VC162_3
100,high,HC03_VC156_1,HC03_VC157_2,HC03_VC158_2,HC03_VC159_2,HC03_VC160_2,HC03_VC161_3,HC03_VC162_2
101,high,HC03_VC156_3,HC03_VC157_4,HC03_VC158_3,HC03_VC159_1,HC03_VC160_2,HC03_VC161_1,HC03_VC162_3
102,high,HC03_VC156_3,HC03_VC157_1,HC03_VC158_2,HC03_VC159_2,HC03_VC160_2,HC03_VC161_3,HC03_VC162_3
103,high,HC03_VC156_2,HC03_VC157_1,HC03_VC158_3,HC03_VC159_3,HC03_VC160_2,HC03_VC161_4,HC03_VC162_1
104,high,HC03_VC156_2,HC03_VC157_1,HC03_VC158_3,HC03_VC159_3,HC03_VC160_1,HC03_VC161_2,HC03_VC162_3
105,high,HC03_VC156_1,HC03_VC157_2,HC03_VC158_1,HC03_VC159_2,HC03_VC160_1,HC03_VC161_4,HC03_VC162_2
106,high,HC03_VC156_2,HC03_VC157_3,HC03_VC158_1,HC03_VC159_1,HC03_VC160_2,HC03_VC161_4,HC03_VC162_1
107,high,HC03_VC156_2,HC03_VC157_4,HC03_VC158_4,HC03_VC159_1,HC03_VC160_2,HC03_VC161_1,HC03_VC162_3
108,high,HC03_VC156_3,HC03_VC157_4,HC03_VC158_3,HC03_VC159_3,HC03_VC160_1,HC03_VC161_1,HC03_VC162_1
109,high,HC03_VC156_3,HC03_VC157_4,HC03_VC158_1,HC03_VC159_1,HC03_VC160_2,HC03_VC161_4,HC03_VC162_3
110,high,HC03_VC156_1,HC03_VC157_2,HC03_VC158_1,HC03_VC159_2,HC03_VC160_1,HC03_VC161_3,HC03_VC162_2
111,high,HC03_VC156_3,HC03_VC157_3,HC03_VC158_3,HC03_VC159_1,HC03_VC160_2,HC03_VC161_3,HC03_VC162_1
112,high,HC03_VC156_2,HC03_VC157_3,HC03_VC158_3,HC03_VC159_1,HC03_VC160_2,HC03_VC161_2,HC03_VC162_1
113,high,HC03_VC156_4,HC03_VC157_4,HC03_VC158_3,HC03_VC159_3,HC03_VC160_2,HC03_VC161_1,HC03_VC162_3
114,high,HC03_VC156_3,HC03_VC157_4,HC03_VC158_1,HC03_VC159_3,HC03_VC160_2,HC03_VC161_2,HC03_VC162_3
115,high,HC03_VC156_1,HC03_VC157_3,HC03_VC158_1,HC03_VC159_2,HC03_VC160_2,HC03_VC161_3,HC03_VC162_3
116,mid,HC03_VC156_3,HC03_VC157_4,HC03_VC158_3,HC03_VC159_3,HC03_VC160_2,HC03_VC161_1,HC03_VC162_3
117,mid,HC03_VC156_4,HC03_VC157_4,HC03_VC158_4,HC03_VC159_1,HC03_VC160_1,HC03_VC161_1,HC03_VC162_3
118,mid,HC03_VC156_2,HC03_VC157_3,HC03_VC158_3,HC03_VC159_1,HC03_VC160_2,HC03_VC161_1,HC03_VC162_3
119,mid,HC03_VC156_3,HC03_VC157_3,HC03_VC158_4,HC03_VC159_1,HC03_VC160_2,HC03_VC161_2,HC03_VC162_1
120,mid,HC03_VC156_1,HC03_VC157_3,HC03_VC158_2,HC03_VC159_1,HC03_VC160_2,HC03_VC161_2,HC03_VC162_3
121,mid,HC03_VC156_1,HC03_VC157_3,HC03_VC158_1,HC03_VC159_1,HC03_VC160_2,HC03_VC161_3,HC03_VC162_3
122,mid,HC03_VC156_2,HC03_VC157_2,HC03_VC158_3,HC03_VC159_3,HC03_VC160_1,HC03_VC161_2,HC03_VC162_1
123,mid,HC03_VC156_4,HC03_VC157_2,HC03_VC158_2,HC03_VC159_1,HC03_VC160_2,HC03_VC161_3,HC03_VC162_1
124,mid,HC03_VC156_4,HC03_VC157_1,HC03_VC158_1,HC03_VC159_3,HC03_VC160_2,HC03_VC161_4,HC03_VC162_1
125,mid,HC03_VC156_1,HC03_VC157_3,HC03_VC158_2,HC03_VC159_1,HC03_VC160_1,HC03_VC161_2,HC03_VC162_3
126,mid,HC03_VC156_3,HC03_VC157_4,HC03_VC158_4,HC03_VC159_2,HC03_VC160_2,HC03_VC161_1,HC03_VC162_3
127,mid,HC03_VC156_2,HC03_VC157_2,HC03_VC158_3,HC03_VC159_3,HC03_VC160_2,HC03_VC161_2,HC03_VC162_1
128,mid,HC03_VC156_2,HC03_VC157_3,HC03_VC158_3,HC03_VC159_3,HC03_VC160_1,HC03_VC161_1,HC03_VC162_2
129,mid,HC03_VC156_4,HC03_VC157_4,HC03_VC158_4,HC03_VC159_3,HC03_VC160_2,HC03_VC161_1,HC03_VC162_3
130,mid,HC03_VC156_4,HC03_VC157_4,HC03_VC158_4,HC03_VC159_1,HC03_VC160_2,HC03_VC161_4,HC03_VC162_3
131,mid,HC03_VC156_1,HC03_VC157_2,HC03_VC158_1,HC03_VC159_2,HC03_VC160_1,HC03_VC161_4,HC03_VC162_2
132,mid,HC03_VC156_3,HC03_VC157_4,HC03_VC158_3,HC03_VC159_3,HC03_VC160_2,HC03_VC161_1,HC03_VC162_3
133,mid,HC03_VC156_1,HC03_VC157_3,HC03_VC158_3,HC03_VC159_2,HC03_VC160_1,HC03_VC161_1,HC03_VC162_2
134,mid,HC03_VC156_4,HC03_VC157_2,HC03_VC158_2,HC03_VC159_3,HC03_VC160_2,HC03_VC161_2,HC03_VC162_3
135,mid,HC03_VC156_4,HC03_VC157_1,HC03_VC158_4,HC03_VC159_3,HC03_VC160_2,HC03_VC161_4,HC03_VC162_3
136,mid,HC03_VC156_1,HC03_VC157_3,HC03_VC158_2,HC03_VC159_2,HC03_VC160_2,HC03_VC161_2,HC03_VC162_3
137,mid,HC03_VC156_3,HC03_VC157_1,HC03_VC158_4,HC03_VC159_3,HC03_VC160_2,HC03_VC161_4,HC03_VC162_1
138,mid,HC03_VC156_2,HC03_VC157_2,HC03_VC158_1,HC03_VC159_2,HC03_VC160_2,HC03_VC161_3,HC03_VC162_2
139,mid,HC03_VC156_1,HC03_VC157_2,HC03_VC158_2,HC03_VC159_2,HC03_VC160_2,HC03_VC161_2,HC03_VC162_2
140,mid,HC03_VC156_4,HC03_VC157_4,HC03_VC158_1,HC03_VC159_3,HC03_VC160_2,HC03_VC161_4,HC03_VC162_3
141,mid,HC03_VC156_4,HC03_VC157_4,HC03_VC158_4,HC03_VC159_3,HC03_VC160_2,HC03_VC161_1,HC03_VC162_1
142,mid,HC03_VC156_3,HC03_VC157_3,HC03_VC158_1,HC03_VC159_3,HC03_VC160_2,HC03_VC161_2,HC03_VC162_3
143,mid,HC03_VC156_1,HC03_VC157_3,HC03_VC158_2,HC03_VC159_1,HC03_VC160_2,HC03_VC161_2,HC03_VC162_1
144,mid,HC03_VC156_3,HC03_VC157_3,HC03_VC158_2,HC03_VC159_1,HC03_VC160_2,HC03_VC161_2,HC03_VC162_3
145,mid,HC03_VC156_1,HC03_VC157_2,HC03_VC158_1,HC03_VC159_2,HC03_VC160_1,HC03_VC161_4,HC03_VC162_3
146,mid,HC03_VC156_4,HC03_VC157_4,HC03_VC158_4,HC03_VC159_3,HC03_VC160_2,HC03_VC161_1,HC03_VC162_3
147,mid,HC03_VC156_4,HC03_VC157_4,HC03_VC158_4,HC03_VC159_3,HC03_VC160_2,HC03_VC161_4,HC03_VC162_1
148,mid,HC03_VC156_1,HC03_VC157_3,HC03_VC158_1,HC03_VC159_1,HC03_VC160_1,HC03_VC161_3,HC03_VC162_1
149,mid,HC03_VC156_1,HC03_VC157_4,HC03_VC158_2,HC03_VC159_2,HC03_VC160_1,HC03_VC161_2,HC03_VC162_3
150,mid,HC03_VC156_1,HC03_VC157_4,HC03_VC158_1,HC03_VC159_1,HC03_VC160_2,HC03_VC161_2,HC03_VC162_3
151,mid,HC03_VC156_4,HC03_VC157_4,HC03_VC158_4,HC03_VC159_3,HC03_VC160_2,HC03_VC161_4,HC03_VC162_1
152,mid,HC03_VC156_4,HC03_VC157_4,HC03_VC158_4,HC03_VC159_3,HC03_VC160_2,HC03_VC161_4,HC03_VC162_3
153,mid,HC03_VC156_4,HC03_VC157_1,HC03_VC158_4,HC03_VC159_3,HC03_VC160_2,HC03_VC161_4,HC03_VC162_3
154,mid,HC03_VC156_2,HC03_VC157_3,HC03_VC158_2,HC03_VC159_1,HC03_VC160_2,HC03_VC161_2,HC03_VC162_2
155,mid,HC03_VC156_3,HC03_VC157_3,HC03_VC158_3,HC03_VC159_3,HC03_VC160_2,HC03_VC161_1,HC03_VC162_3
156,mid,HC03_VC156_4,HC03_VC157_1,HC03_VC158_4,HC03_VC159_3,HC03_VC160_1,HC03_VC161_4,HC03_VC162_1
157,mid,HC03_VC156_1,HC03_VC157_2,HC03_VC158_3,HC03_VC159_3,HC03_VC160_1,HC03_VC161_2,HC03_VC162_1
158,mid,HC03_VC156_3,HC03_VC157_4,HC03_VC158_4,HC03_VC159_3,HC03_VC160_2,HC03_VC161_1,HC03_VC162_3
159,mid,HC03_VC156_2,HC03_VC157_1,HC03_VC158_2,HC03_VC159_1,HC03_VC160_2,HC03_VC161_3,HC03_VC162_2
160,mid,HC03_VC156_3,HC03_VC157_2,HC03_VC158_2,HC03_VC159_3,HC03_VC160_2,HC03_VC161_2,HC03_VC162_2
161,mid,HC03_VC156_3,HC03_VC157_1,HC03_VC158_4,HC03_VC159_3,HC03_VC160_2,HC03_VC161_2,HC03_VC162_3
162,mid,HC03_VC156_2,HC03_VC157_4,HC03_VC158_1,HC03_VC159_1,HC03_VC160_1,HC03_VC161_4,HC03_VC162_3
163,mid,HC03_VC156_4,HC03_VC157_1,HC03_VC158_4,HC03_VC159_3,HC03_VC160_2,HC03_VC161_4,HC03_VC162_1
164,mid,HC03_VC156_2,HC03_VC157_2,HC03_VC158_2,HC03_VC159_3,HC03_VC160_1,HC03_VC161_2,HC03_VC162_3
165,mid,HC03_VC156_2,HC03_VC157_2,HC03_VC158_4,HC03_VC159_3,HC03_VC160_2,HC03_VC161_1,HC03_VC162_2
166,mid,HC03_VC156_1,HC03_VC157_2,HC03_VC158_3,HC03_VC159_2,HC03_VC160_2,HC03_VC161_2,HC03_VC162_2
167,mid,HC03_VC156_4,HC03_VC157_1,HC03_VC158_4,HC03_VC159_3,HC03_VC160_2,HC03_VC161_1,HC03_VC162_3
168,mid,HC03_VC156_1,HC03_VC157_3,HC03_VC158_1,HC03_VC159_1,HC03_VC160_2,HC03_VC161_3,HC03_VC162_3
169,mid,HC03_VC156_2,HC03_VC157_3,HC03_VC158_3,HC03_VC159_3,HC03_VC160_2,HC03_VC161_1,HC03_VC162_3
170,mid,HC03_VC156_4,HC03_VC157_4,HC03_VC158_1,HC03_VC159_3,HC03_VC160_2,HC03_VC161_3,HC03_VC162_3
171,mid,HC03_VC156_3,HC03_VC157_3,HC03_VC158_4,HC03_VC159_3,HC03_VC160_2,HC03_VC161_4,HC03_VC162_1
172,mid,HC03_VC156_2,HC03_VC157_2,HC03_VC158_1,HC03_VC159_1,HC03_VC160_2,HC03_VC161_3,HC03_VC162_3
173,mid,HC03_VC156_1,HC03_VC157_2,HC03_VC158_1,HC03_VC159_2,HC03_VC160_1,HC03_VC161_4,HC03_VC162_2
174,mid,HC03_VC156_2,HC03_VC157_2,HC03_VC158_1,HC03_VC159_3,HC03_VC160_2,HC03_VC161_4,HC03_VC162_1
175,mid,HC03_VC156_1,HC03_VC157_3,HC03_VC158_2,HC03_VC159_3,HC03_VC160_1,HC03_VC161_2,HC03_VC162_2
176,mid,HC03_VC156_1,HC03_VC157_2,HC03_VC158_1,HC03_VC159_3,HC03_VC160_2,HC03_VC161_3,HC03_VC162_3
177,mid,HC03_VC156_2,HC03_VC157_3,HC03_VC158_2,HC03_VC159_3,HC03_VC160_1,HC03_VC161_2,HC03_VC162_3
178,mid,HC03_VC156_2,HC03_VC157_2,HC03_VC158_2,HC03_VC159_2,HC03_VC160_1,HC03_VC161_3,HC03_VC162_1
179,mid,HC03_VC156_4,HC03_VC157_2,HC03_VC158_2,HC03_VC159_3,HC03_VC160_1,HC03_VC161_4,HC03_VC162_1
180,mid,HC03_VC156_2,HC03_VC157_2,HC03_VC158_3,HC03_VC159_3,HC03_VC160_2,HC03_VC161_2,HC03_VC162_2
181,mid,HC03_VC156_2,HC03_VC157_4,HC03_VC158_4,HC03_VC159_1,HC03_VC160_2,HC03_VC161_1,HC03_VC162_3
182,mid,HC03_VC156_1,HC03_VC157_3,HC03_VC158_2,HC03_VC159_2,HC03_VC160_1,HC03_VC161_2,HC03_VC162_3
183,mid,HC03_VC156_4,HC03_VC157_4,HC03_VC158_2,HC03_VC159_3,HC03_VC160_2,HC03_VC161_2,HC03_VC162_1
184,mid,HC03_VC156_4,HC03_VC157_4,HC03_VC158_4,HC03_VC159_3,HC03_VC160_2,HC03_VC161_1,HC03_VC162_3
185,mid,HC03_VC156_1,HC03_VC157_2,HC03_VC158_2,HC03_VC159_1,HC03_VC160_2,HC03_VC161_3,HC03_VC162_2
186,mid,HC03_VC156_3,HC03_VC157_2,HC03_VC158_3,HC03_VC159_1,HC03_VC160_2,HC03_VC161_2,HC03_VC162_3
187,mid,HC03_VC156_3,HC03_VC157_1,HC03_VC158_2,HC03_VC159_3,HC03_VC160_2,HC03_VC161_4,HC03_VC162_3
188,mid,HC03_VC156_1,HC03_VC157_3,HC03_VC158_1,HC03_VC159_1,HC03_VC160_1,HC03_VC161_2,HC03_VC162_3
189,mid,HC03_VC156_3,HC03_VC157_3,HC03_VC158_4,HC03_VC159_3,HC03_VC160_2,HC03_VC161_1,HC03_VC162_1
190,mid,HC03_VC156_2,HC03_VC157_2,HC03_VC158_4,HC03_VC159_3,HC03_VC160_1,HC03_VC161_2,HC03_VC162_3
191,mid,HC03_VC156_3,HC03_VC157_4,HC03_VC158_4,HC03_VC159_3,HC03_VC160_2,HC03_VC161_1,HC03_VC162_3
192,mid,HC03_VC156_2,HC03_VC157_1,HC03_VC158_2,HC03_VC159_3,HC03_VC160_2,HC03_VC161_3,HC03_VC162_1
193,mid,HC03_VC156_1,HC03_VC157_1,HC03_VC158_2,HC03_VC159_1,HC03_VC160_2,HC03_VC161_3,HC03_VC162_2
194,mid,HC03_VC156_2,HC03_VC157_1,HC03_VC158_3,HC03_VC159_3,HC03_VC160_1,HC03_VC161_3,HC03_VC162_1
195,mid,HC03_VC156_1,HC03_VC157_3,HC03_VC158_2,HC03_VC159_1,HC03_VC160_1,HC03_VC161_2,HC03_VC162_2
196,mid,HC03_VC156_3,HC03_VC157_2,HC03_VC158_1,HC03_VC159_1,HC03_VC160_2,HC03_VC161_4,HC03_VC162_1
197,mid,HC03_VC156_2,HC03_VC157_3,HC03_VC158_3,HC03_VC159_2,HC03_VC160_2,HC03_VC161_1,HC03_VC162_3
198,mid,HC03_VC156_2,HC03_VC157_2,HC03_VC158_3,HC03_VC159_2,HC03_VC160_2,HC03_VC161_2,HC03_VC162_2
199,mid,HC03_VC156_1,HC03_VC157_1,HC03_VC158_3,HC03_VC159_2,HC03_VC160_2,HC03_VC161_4,HC03_VC162_2
200,mid,HC03_VC156_3,HC03_VC157_2,HC03_VC158_4,HC03_VC159_3,HC03_VC160_2,HC03_VC161_1,HC03_VC162_3
201,mid,HC03_VC156_1,HC03_VC157_3,HC03_VC158_2,HC03_VC159_1,HC03_VC160_2,HC03_VC161_3,HC03_VC162_1
202,mid,HC03_VC156_1,HC03_VC157_2,HC03_VC158_2,HC03_VC159_3,HC03_VC160_1,HC03_VC161_2,HC03_VC162_3
203,mid,HC03_VC156_3,HC03_VC157_2,HC03_VC158_4,HC03_VC159_3,HC03_VC160_2,HC03_VC161_1,HC03_VC162_3
204,mid,HC03_VC156_1,HC03_VC157_3,HC03_VC158_4,HC03_VC159_2,HC03_VC160_2,HC03_VC161_1,HC03_VC162_2
205,mid,HC03_VC156_2,HC03_VC157_2,HC03_VC158_1,HC03_VC159_2,HC03_VC160_1,HC03_VC161_4,HC03_VC162_3
206,mid,HC03_VC156_3,HC03_VC157_2,HC03_VC158_4,HC03_VC159_3,HC03_VC160_1,HC03_VC161_1,HC03_VC162_3
207,mid,HC03_VC156_2,HC03_VC157_3,HC03_VC158_1,HC03_VC159_1,HC03_VC160_2,HC03_VC161_4,HC03_VC162_2
208,mid,HC03_VC156_3,HC03_VC157_2,HC03_VC158_1,HC03_VC159_3,HC03_VC160_2,HC03_VC161_4,HC03_VC162_1
209,mid,HC03_VC156_2,HC03_VC157_2,HC03_VC158_2,HC03_VC159_1,HC03_VC160_2,HC03_VC161_2,HC03_VC162_2
210,mid,HC03_VC156_4,HC03_VC157_4,HC03_VC158_4,HC03_VC159_3,HC03_VC160_2,HC03_VC161_4,HC03_VC162_3
211,mid,HC03_VC156_2,HC03_VC157_3,HC03_VC158_2,HC03_VC159_1,HC03_VC160_2,HC03_VC161_3,HC03_VC162_1
212,mid,HC03_VC156_3,HC03_VC157_4,HC03_VC158_4,HC03_VC159_1,HC03_VC160_2,HC03_VC161_2,HC03_VC162_3
213,mid,HC03_VC156_3,HC03_VC157_1,HC03_VC158_2,HC03_VC159_2,HC03_VC160_2,HC03_VC161_4,HC03_VC162_1
214,mid,HC03_VC156_2,HC03_VC157_1,HC03_VC158_2,HC03_VC159_3,HC03_VC160_2,HC03_VC161_3,HC03_VC162_3
215,mid,HC03_VC156_3,HC03_VC157_1,HC03_VC158_4,HC03_VC159_3,HC03_VC160_2,HC03_VC161_4,HC03_VC162_1
216,mid,HC03_VC156_1,HC03_VC157_2,HC03_VC158_2,HC03_VC159_2,HC03_VC160_2,HC03_VC161_2,HC03_VC162_2
217,mid,HC03_VC156_2,HC03_VC157_2,HC03_VC158_3,HC03_VC159_1,HC03_VC160_1,HC03_VC161_2,HC03_VC162_3
218,mid,HC03_VC156_1,HC03_VC157_3,HC03_VC158_1,HC03_VC159_1,HC03_VC160_2,HC03_VC161_3,HC03_VC162_2
219,mid,HC03_VC156_3,HC03_VC157_4,HC03_VC158_4,HC03_VC159_3,HC03_VC160_2,HC03_VC161_1,HC03_VC162_2
220,mid,HC03_VC156_2,HC03_VC157_2,HC03_VC158_2,HC03_VC159_2,HC03_VC160_1,HC03_VC161_3,HC03_VC162_1
221,mid,HC03_VC156_1,HC03_VC157_3,HC03_VC158_3,HC03_VC159_2,HC03_VC160_2,HC03_VC161_1,HC03_VC162_3
222,mid,HC03_VC156_3,HC03_VC157_1,HC03_VC158_2,HC03_VC159_2,HC03_VC160_1,HC03_VC161_4,HC03_VC162_2
223,mid,HC03_VC156_4,HC03_VC157_4,HC03_VC158_1,HC03_VC159_3,HC03_VC160_2,HC03_VC161_4,HC03_VC162_3
224,mid,HC03_VC156_1,HC03_VC157_2,HC03_VC158_1,HC03_VC159_2,HC03_VC160_2,HC03_VC161_3,HC03_VC162_2
225,mid,HC03_VC156_2,HC03_VC157_2,HC03_VC158_3,HC03_VC159_3,HC03_VC160_1,HC03_VC161_2,HC03_VC162_2
226,mid,HC03_VC156_4,HC03_VC157_4,HC03_VC158_4,HC03_VC159_3,HC03_VC160_2,HC03_VC161_1,HC03_VC162_3
227,mid,HC03_VC156_1,HC03_VC157_2,HC03_VC158_2,HC03_VC159_1,HC03_VC160_1,HC03_VC161_2,HC03_VC162_2
228,mid,HC03_VC156_1,HC03_VC157_4,HC03_VC158_3,HC03_VC159_3,HC03_VC160_2,HC03_VC161_1,HC03_VC162_2
229,mid,HC03_VC156_3,HC03_VC157_3,HC03_VC158_1,HC03_VC159_3,HC03_VC160_2,HC03_VC161_3,HC03_VC162_2
230,mid,HC03_VC156_2,HC03_VC157_1,HC03_VC158_2,HC03_VC159_2,HC03_VC160_1,HC03_VC161_4,HC03_VC162_1
231,mid,HC03_VC156_2,HC03_VC157_2,HC03_VC158_2,HC03_VC159_1,HC03_VC160_1,HC03_VC161_2,HC03_VC162_3
232,mid,HC03_VC156_3,HC03_VC157_2,HC03_VC158_2,HC03_VC159_3,HC03_VC160_2,HC03_VC161_2,HC03_VC162_1
233,mid,HC03_VC156_4,HC03_VC157_2,HC03_VC158_2,HC03_VC159_3,HC03_VC160_2,HC03_VC161_2,HC03_VC162_1
234,mid,HC03_VC156_1,HC03_VC157_3,HC03_VC158_2,HC03_VC159_2,HC03_VC160_2,HC03_VC161_2,HC03_VC162_2
235,mid,HC03_VC156_4,HC03_VC157_4,HC03_VC158_1,HC03_VC159_3,HC03_VC160_2,HC03_VC161_4,HC03_VC162_3
236,mid,HC03_VC156_2,HC03_VC157_1,HC03_VC158_3,HC03_VC159_3,HC03_VC160_1,HC03_VC161_4,HC03_VC162_1
237,mid,HC03_VC156_3,HC03_VC157_2,HC03_VC158_2,HC03_VC159_3,HC03_VC160_2,HC03_VC161_3,HC03_VC162_1
238,mid,HC03_VC156_1,HC03_VC157_1,HC03_VC158_3,HC03_VC159_3,HC03_VC160_1,HC03_VC161_4,HC03_VC162_2
239,mid,HC03_VC156_3,HC03_VC157_1,HC03_VC158_3,HC03_VC159_3,HC03_VC160_1,HC03_VC161_4,HC03_VC162_1
240,mid,HC03_VC156_1,HC03_VC157_3,HC03_VC158_1,HC03_VC159_1,HC03_VC160_2,HC03_VC161_2,HC03_VC162_2
241,mid,HC03_VC156_1,HC03_VC157_2,HC03_VC158_3,HC03_VC159_2,HC03_VC160_1,HC03_VC161_2,HC03_VC162_2
242,mid,HC03_VC156_3,HC03_VC157_4,HC03_VC158_4,HC03_VC159_1,HC03_VC160_2,HC03_VC161_1,HC03_VC162_3
243,mid,HC03_VC156_2,HC03_VC157_1,HC03_VC158_2,HC03_VC159_2,HC03_VC160_1,HC03_VC161_3,HC03_VC162_1
244,mid,HC03_VC156_1,HC03_VC157_2,HC03_VC158_2,HC03_VC159_2,HC03_VC160_1,HC03_VC161_2,HC03_VC162_2
245,mid,HC03_VC156_2,HC03_VC157_3,HC03_VC158_3,HC03_VC159_2,HC03_VC160_1,HC03_VC161_1,HC03_VC162_2
246,mid,HC03_VC156_2,HC03_VC157_2,HC03_VC158_3,HC03_VC159_2,HC03_VC160_2,HC03_VC161_2,HC03_VC162_2
247,mid,HC03_VC156_2,HC03_VC157_2,HC03_VC158_3,HC03_VC159_3,HC03_VC160_2,HC03_VC161_2,HC03_VC162_1
248,mid,HC03_VC156_4,HC03_VC157_2,HC03_VC158_1,HC03_VC159_3,HC03_VC160_2,HC03_VC161_4,HC03_VC162_1
249,mid,HC03_VC156_4,HC03_VC157_1,HC03_VC158_3,HC03_VC159_3,HC03_VC160_2,HC03_VC161_4,HC03_VC162_3
250,mid,HC03_VC156_4,HC03_VC157_3,HC03_VC158_2,HC03_VC159_3,HC03_VC160_2,HC03_VC161_2,HC03_VC162_2
251,mid,HC03_VC156_2,HC03_VC157_2,HC03_VC158_3,HC03_VC159_3,HC03_VC160_1,HC03_VC161_2,HC03_VC162_2
252,mid,HC03_VC156_2,HC03_VC157_4,HC03_VC158_4,HC03_VC159_2,HC03_VC160_2,HC03_VC161_1,HC03_VC162_3
253,mid,HC03_VC156_2,HC03_VC157_2,HC03_VC158_3,HC03_VC159_3,HC03_VC160_1,HC03_VC161_2,HC03_VC162_2
254,mid,HC03_VC156_3,HC03_VC157_3,HC03_VC158_4,HC03_VC159_3,HC03_VC160_2,HC03_VC161_1,HC03_VC162_3
255,mid,HC03_VC156_3,HC03_VC157_1,HC03_VC158_3,HC03_VC159_2,HC03_VC160_1,HC03_VC161_3,HC03_VC162_1
256,mid,HC03_VC156_2,HC03_VC157_2,HC03_VC158_2,HC03_VC159_2,HC03_VC160_1,HC03_VC161_3,HC03_VC162_2
257,mid,HC03_VC156_4,HC03_VC157_2,HC03_VC158_1,HC03_VC159_3,HC03_VC160_2,HC03_VC161_4,HC03_VC162_3
258,mid,HC03_VC156_3,HC03_VC157_2,HC03_VC158_4,HC03_VC159_3,HC03_VC160_1,HC03_VC161_1,HC03_VC162_3
259,mid,HC03_VC156_4,HC03_VC157_4,HC03_VC158_4,HC03_VC159_3,HC03_VC160_2,HC03_VC161_4,HC03_VC162_3
260,mid,HC03_VC156_3,HC03_VC157_3,HC03_VC158_4,HC03_VC159_3,HC03_VC160_2,HC03_VC161_1,HC03_VC162_3
261,mid,HC03_VC156_2,HC03_VC157_3,HC03_VC158_3,HC03_VC159_1,HC03_VC160_1,HC03_VC161_2,HC03_VC162_2
262,mid,HC03_VC156_1,HC03_VC157_3,HC03_VC158_1,HC03_VC159_1,HC03_VC160_2,HC03_VC161_3,HC03_VC162_1
263,mid,HC03_VC156_3,HC03_VC157_3,HC03_VC158_2,HC03_VC159_3,HC03_VC160_2,HC03_VC161_1,HC03_VC162_3
264,mid,HC03_VC156_1,HC03_VC157_2,HC03_VC158_3,HC03_VC159_3,HC03_VC160_2,HC03_VC161_1,HC03_VC162_3
265,mid,HC03_VC156_1,HC03_VC157_4,HC03_VC158_2,HC03_VC159_1,HC03_VC160_1,HC03_VC161_2,HC03_VC162_3
266,mid,HC03_VC156_4,HC03_VC157_1,HC03_VC158_2,HC03_VC159_3,HC03_VC160_2,HC03_VC161_4,HC03_VC162_1
267,mid,HC03_VC156_1,HC03_VC157_4,HC03_VC158_3,HC03_VC159_2,HC03_VC160_2,HC03_VC161_1,HC03_VC162_3
268,mid,HC03_VC156_1,HC03_VC157_3,HC03_VC158_1,HC03_VC159_2,HC03_VC160_1,HC03_VC161_3,HC03_VC162_2
269,mid,HC03_VC156_3,HC03_VC157_1,HC03_VC158_4,HC03_VC159_3,HC03_VC160_2,HC03_VC161_3,HC03_VC162_3
270,mid,HC03_VC156_3,HC03_VC157_4,HC03_VC158_4,HC03_VC159_3,HC03_VC160_2,HC03_VC161_1,HC03_VC162_3
271,mid,HC03_VC156_1,HC03_VC157_3,HC03_VC158_1,HC03_VC159_1,HC03_VC160_2,HC03_VC161_2,HC03_VC162_3
272,mid,HC03_VC156_2,HC03_VC157_3,HC03_VC158_3,HC03_VC159_3,HC03_VC160_2,HC03_VC161_1,HC03_VC162_2
273,mid,HC03_VC156_3,HC03_VC157_1,HC03_VC158_3,HC03_VC159_3,HC03_VC160_2,HC03_VC161_3,HC03_VC162_1
274,mid,HC03_VC156_1,HC03_VC157_2,HC03_VC158_3,HC03_VC159_2,HC03_VC160_2,HC03_VC161_2,HC03_VC162_3
275,mid,HC03_VC156_1,HC03_VC157_1,HC03_VC158_2,HC03_VC159_3,HC03_VC160_2,HC03_VC161_4,HC03_VC162_1
276,mid,HC03_VC156_4,HC03_VC157_2,HC03_VC158_4,HC03_VC159_3,HC03_VC160_2,HC03_VC161_1,HC03_VC162_1
277,mid,HC03_VC156_4,HC03_VC157_4,HC03_VC158_4,HC03_VC159_3,HC03_VC160_2,HC03_VC161_4,HC03_VC162_3
278,mid,HC03_VC156_4,HC03_VC157_4,HC03_VC158_1,HC03_VC159_3,HC03_VC160_2,HC03_VC161_4,HC03_VC162_3
279,mid,HC03_VC156_3,HC03_VC157_1,HC03_VC158_4,HC03_VC159_1,HC03_VC160_2,HC03_VC161_3,HC03_VC162_3
280,mid,HC03_VC156_2,HC03_VC157_1,HC03_VC158_1,HC03_VC159_3,HC03_VC160_2,HC03_VC161_3,HC03_VC162_3
281,mid,HC03_VC156_1,HC03_VC157_1,HC03_VC158_2,HC03_VC159_1,HC03_VC160_1,HC03_VC161_4,HC03_VC162_2
282,mid,HC03_VC156_4,HC03_VC157_4,HC03_VC158_1,HC03_VC159_3,HC03_VC160_2,HC03_VC161_3,HC03_VC162_1
283,mid,HC03_VC156_4,HC03_VC157_2,HC03_VC158_4,HC03_VC159_3,HC03_VC160_2,HC03_VC161_1,HC03_VC162_3
284,mid,HC03_VC156_3,HC03_VC157_4,HC03_VC158_1,HC03_VC159_3,HC03_VC160_2,HC03_VC161_2,HC03_VC162_3
285,mid,HC03_VC156_2,HC03_VC157_3,HC03_VC158_3,HC03_VC159_2,HC03_VC160_2,HC03_VC161_1,HC03_VC162_3
286,mid,HC03_VC156_3,HC03_VC157_4,HC03_VC158_4,HC03_VC159_3,HC03_VC160_2,HC03_VC161_1,HC03_VC162_3
287,mid,HC03_VC156_1,HC03_VC157_4,HC03_VC158_2,HC03_VC159_2,HC03_VC160_2,HC03_VC161_2,HC03_VC162_3
288,mid,HC03_VC156_4,HC03_VC157_2,HC03_VC158_4,HC03_VC159_3,HC03_VC160_2,HC03_VC161_1,HC03_VC162_1
289,mid,HC03_VC156_2,HC03_VC157_4,HC03_VC158_4,HC03_VC159_3,HC03_VC160_2,HC03_VC161_1,HC03_VC162_3
290,mid,HC03_VC156_1,HC03_VC157_1,HC03_VC158_2,HC03_VC159_2,HC03_VC160_2,HC03_VC161_3,HC03_VC162_1
291,mid,HC03_VC156_4,HC03_VC157_1,HC03_VC158_2,HC03_VC159_3,HC03_VC160_2,HC03_VC161_4,HC03_VC162_1
292,mid,HC03_VC156_1,HC03_VC157_4,HC03_VC158_4,HC03_VC159_3,HC03_VC160_1,HC03_VC161_1,HC03_VC162_3
293,mid,HC03_VC156_3,HC03_VC157_4,HC03_VC158_1,HC03_VC159_2,HC03_VC160_1,HC03_VC161_2,HC03_VC162_1
294,mid,HC03_VC156_2,HC03_VC157_2,HC03_VC158_2,HC03_VC159_3,HC03_VC160_1,HC03_VC161_2,HC03_VC162_3
295,mid,HC03_VC156_4,HC03_VC157_1,HC03_VC158_2,HC03_VC159_3,HC03_VC160_2,HC03_VC161_4,HC03_VC162_3
296,mid,HC03_VC156_1,HC03_VC157_3,HC03_VC158_2,HC03_VC159_2,HC03_VC160_1,HC03_VC161_2,HC03_VC162_2
297,mid,HC03_VC156_1,HC03_VC157_3,HC03_VC158_1,HC03_VC159_2,HC03_VC160_2,HC03_VC161_3,HC03_VC162_2
298,mid,HC03_VC156_1,HC03_VC157_3,HC03_VC158_1,HC03_VC159_2,HC03_VC160_2,HC03_VC161_2,HC03_VC162_2
299,mid,HC03_VC156_1,HC03_VC157_2,HC03_VC158_1,HC03_VC159_2,HC03_VC160_2,HC03_VC161_3,HC03_VC162_1
300,mid,HC03_VC156_4,HC03_VC157_3,HC03_VC158_3,HC03_VC159_3,HC03_VC160_2,HC03_VC161_1,HC03_VC162_1
301,mid,HC03_VC156_4,HC03_VC157_4,HC03_VC158_1,HC03_VC159_3,HC03_VC160_2,HC03_VC161_4,HC03_VC162_1
302,mid,HC03_VC156_3,HC03_VC157_1,HC03_VC158_3,HC03_VC159_2,HC03_VC160_2,HC03_VC161_3,HC03_VC162_3
303,mid,HC03_VC156_1,HC03_VC157_4,HC03_VC158_2,HC03_VC159_1,HC03_VC160_2,HC03_VC161_1,HC03_VC162_3
304,mid,HC03_VC156_3,HC03_VC157_3,HC03_VC158_1,HC03_VC159_3,HC03_VC160_2,HC03_VC161_3,HC03_VC162_2
305,mid,HC03_VC156_2,HC03_VC157_3,HC03_VC158_2,HC03_VC159_1,HC03_VC160_2,HC03_VC161_2,HC03_VC162_2
306,mid,HC03_VC156_1,HC03_VC157_2,HC03_VC158_2,HC03_VC159_2,HC03_VC160_1,HC03_VC161_3,HC03_VC162_1
307,mid,HC03_VC156_2,HC03_VC157_1,HC03_VC158_2,HC03_VC159_2,HC03_VC160_2,HC03_VC161_4,HC03_VC162_3
308,mid,HC03_VC156_3,HC03_VC157_4,HC03_VC158_4,HC03_VC159_3,HC03_VC160_2,HC03_VC161_1,HC03_VC162_3
309,mid,HC03_VC156_2,HC03_VC157_2,HC03_VC158_3,HC03_VC159_1,HC03_VC160_2,HC03_VC161_3,HC03_VC162_1
310,mid,HC03_VC156_2,HC03_VC157_3,HC03_VC158_3,HC03_VC159_3,HC03_VC160_2,HC03_VC161_1,HC03_VC162_1
311,mid,HC03_VC156_1,HC03_VC157_3,HC03_VC158_1,HC03_VC159_1,HC03_VC160_2,HC03_VC161_2,HC03_VC162_3
312,mid,HC03_VC156_4,HC03_VC157_1,HC03_VC158_3,HC03_VC159_3,HC03_VC160_2,HC03_VC161_2,HC03_VC162_3
313,mid,HC03_VC156_3,HC03_VC157_1,HC03_VC158_2,HC03_VC159_2,HC03_VC160_2,HC03_VC161_4,HC03_VC162_3
314,mid,HC03_VC156_1,HC03_VC157_1,HC03_VC158_3,HC03_VC159_2,HC03_VC160_2,HC03_VC161_4,HC03_VC162_1
315,mid,HC03_VC156_4,HC03_VC157_1,HC03_VC158_4,HC03_VC159_3,HC03_VC160_2,HC03_VC161_4,HC03_VC162_3
316,mid,HC03_VC156_4,HC03_VC157_1,HC03_VC158_3,HC03_VC159_3,HC03_VC160_1,HC03_VC161_2,HC03_VC162_3
317,mid,HC03_VC156_2,HC03_VC157_2,HC03_VC158_4,HC03_VC159_3,HC03_VC160_2,HC03_VC161_1,HC03_VC162_2
318,mid,HC03_VC156_2,HC03_VC157_1,HC03_VC158_2,HC03_VC159_3,HC03_VC160_2,HC03_VC161_3,HC03_VC162_1
319,mid,HC03_VC156_3,HC03_VC157_3,HC03_VC158_4,HC03_VC159_3,HC03_VC160_2,HC03_VC161_1,HC03_VC162_2
320,mid,HC03_VC156_1,HC03_VC157_2,HC03_VC158_2,HC03_VC159_2,HC03_VC160_1,HC03_VC161_3,HC03_VC162_1
321,mid,HC03_VC156_1,HC03_VC157_3,HC03_VC158_1,HC03_VC159_2,HC03_VC160_1,HC03_VC161_3,HC03_VC162_2
322,mid,HC03_VC156_1,HC03_VC157_3,HC03_VC158_1,HC03_VC159_1,HC03_VC160_2,HC03_VC161_3,HC03_VC162_3
323,mid,HC03_VC156_3,HC03_VC157_1,HC03_VC158_3,HC03_VC159_1,HC03_VC160_2,HC03_VC161_3,HC03_VC162_1
324,mid,HC03_VC156_4,HC03_VC157_1,HC03_VC158_4,HC03_VC159_1,HC03_VC160_2,HC03_VC161_4,HC03_VC162_1
325,mid,HC03_VC156_2,HC03_VC157_3,HC03_VC158_2,HC03_VC159_3,HC03_VC160_2,HC03_VC161_2,HC03_VC162_2
326,mid,HC03_VC156_2,HC03_VC157_3,HC03_VC158_1,HC03_VC159_3,HC03_VC160_2,HC03_VC161_4,HC03_VC162_3
327,mid,HC03_VC156_1,HC03_VC157_2,HC03_VC158_2,HC03_VC159_2,HC03_VC160_1,HC03_VC161_3,HC03_VC162_2
328,mid,HC03_VC156_2,HC03_VC157_1,HC03_VC158_2,HC03_VC159_3,HC03_VC160_2,HC03_VC161_3,HC03_VC162_2
329,mid,HC03_VC156_2,HC03_VC157_1,HC03_VC158_3,HC03_VC159_2,HC03_VC160_2,HC03_VC161_4,HC03_VC162_2
330,mid,HC03_VC156_2,HC03_VC157_1,HC03_VC158_1,HC03_VC159_2,HC03_VC160_2,HC03_VC161_4,HC03_VC162_2
331,mid,HC03_VC156_1,HC03_VC157_3,HC03_VC158_1,HC03_VC159_2,HC03_VC160_2,HC03_VC161_3,HC03_VC162_2
332,mid,HC03_VC156_1,HC03_VC157_3,HC03_VC158_3,HC03_VC159_3,HC03_VC160_2,HC03_VC161_1,HC03_VC162_3
333,mid,HC03_VC156_4,HC03_VC157_4,HC03_VC158_4,HC03_VC159_3,HC03_VC160_2,HC03_VC161_1,HC03_VC162_3
334,mid,HC03_VC156_2,HC03_VC157_1,HC03_VC158_1,HC03_VC159_3,HC03_VC160_1,HC03_VC161_4,HC03_VC162_2
335,mid,HC03_VC156_3,HC03_VC157_3,HC03_VC158_2,HC03_VC159_3,HC03_VC160_2,HC03_VC161_1,HC03_VC162_1
336,mid,HC03_VC156_2,HC03_VC157_3,HC03_VC158_1,HC03_VC159_2,HC03_VC160_1,HC03_VC161_4,HC03_VC162_2
337,mid,HC03_VC156_1,HC03_VC157_2,HC03_VC158_2,HC03_VC159_2,HC03_VC160_2,HC03_VC161_2,HC03_VC162_2
338,mid,HC03_VC156_4,HC03_VC157_4,HC03_VC158_3,HC03_VC159_3,HC03_VC160_2,HC03_VC161_1,HC03_VC162_3
339,mid,HC03_VC156_1,HC03_VC157_1,HC03_VC158_3,HC03_VC159_2,HC03_VC160_2,HC03_VC161_3,HC03_VC162_3
340,mid,HC03_VC156_2,HC03_VC157_2,HC03_VC158_3,HC03_VC159_2,HC03_VC160_2,HC03_VC161_2,HC03_VC162_1
341,mid,HC03_VC156_1,HC03_VC157_4,HC03_VC158_1,HC03_VC159_1,HC03_VC160_2,HC03_VC161_2,HC03_VC162_3
342,mid,HC03_VC156_1,HC03_VC157_1,HC03_VC158_3,HC03_VC159_1,HC03_VC160_2,HC03_VC161_3,HC03_VC162_2
343,mid,HC03_VC156_3,HC03_VC157_1,HC03_VC158_4,HC03_VC159_2,HC03_VC160_2,HC03_VC161_3,HC03_VC162_3
344,mid,HC03_VC156_1,HC03_VC157_4,HC03_VC158_2,HC03_VC159_1,HC03_VC160_1,HC03_VC161_2,HC03_VC162_3
345,mid,HC03_VC156_1,HC03_VC157_4,HC03_VC158_4,HC03_VC159_1,HC03_VC160_2,HC03_VC161_1,HC03_VC162_3
346,low,HC03_VC156_3,HC03_VC157_1,HC03_VC158_2,HC03_VC159_2,HC03_VC160_2,HC03_VC161_4,HC03_VC162_1
347,low,HC03_VC156_3,HC03_VC157_1,HC03_VC158_3,HC03_VC159_2,HC03_VC160_2,HC03_VC161_3,HC03_VC162_1
348,low,HC03_VC156_2,HC03_VC157_2,HC03_VC158_2,HC03_VC159_1,HC03_VC160_2,HC03_VC161_2,HC03_VC162_3
349,low,HC03_VC156_3,HC03_VC157_3,HC03_VC158_4,HC03_VC159_2,HC03_VC160_2,HC03_VC161_1,HC03_VC162_2
350,low,HC03_VC156_2,HC03_VC157_3,HC03_VC158_1,HC03_VC159_2,HC03_VC160_2,HC03_VC161_2,HC03_VC162_3
351,low,HC03_VC156_4,HC03_VC157_1,HC03_VC158_4,HC03_VC159_3,HC03_VC160_2,HC03_VC161_2,HC03_VC162_2
352,low,HC03_VC156_3,HC03_VC157_2,HC03_VC158_3,HC03_VC159_1,HC03_VC160_2,HC03_VC161_3,HC03_VC162_2
353,low,HC03_VC156_1,HC03_VC157_4,HC03_VC158_4,HC03_VC159_3,HC03_VC160_2,HC03_VC161_1,HC03_VC162_3
354,low,HC03_VC156_3,HC03_VC157_3,HC03_VC158_1,HC03_VC159_3,HC03_VC160_2,HC03_VC161_3,HC03_VC162_1
355,low,HC03_VC156_3,HC03_VC157_1,HC03_VC158_3,HC03_VC159_1,HC03_VC160_2,HC03_VC161_4,HC03_VC162_3
356,low,HC03_VC156_1,HC03_VC157_4,HC03_VC158_2,HC03_VC159_1,HC03_VC160_1,HC03_VC161_2,HC03_VC162_3
357,low,HC03_VC156_4,HC03_VC157_1,HC03_VC158_2,HC03_VC159_3,HC03_VC160_2,HC03_VC161_3,HC03_VC162_3
358,low,HC03_VC156_1,HC03_VC157_3,HC03_VC158_2,HC03_VC159_2,HC03_VC160_1,HC03_VC161_2,HC03_VC162_1
359,low,HC03_VC156_1,HC03_VC157_1,HC03_VC158_4,HC03_VC159_3,HC03_VC160_1,HC03_VC161_3,HC03_VC162_2
360,low,HC03_VC156_2,HC03_VC157_3,HC03_VC158_3,HC03_VC159_2,HC03_VC160_2,HC03_VC161_1,HC03_VC162_3
361,low,HC03_VC156_1,HC03_VC157_4,HC03_VC158_1,HC03_VC159_2,HC03_VC160_2,HC03_VC161_2,HC03_VC162_3
362,low,HC03_VC156_1,HC03_VC157_2,HC03_VC158_2,HC03_VC159_2,HC03_VC160_1,HC03_VC161_3,HC03_VC162_2
363,low,HC03_VC156_2,HC03_VC157_2,HC03_VC158_1,HC03_VC159_2,HC03_VC160_2,HC03_VC161_4,HC03_VC162_3
364,low,HC03_VC156_4,HC03_VC157_1,HC03_VC158_4,HC03_VC159_2,HC03_VC160_2,HC03_VC161_3,HC03_VC162_1
365,low,HC03_VC156_1,HC03_VC157_1,HC03_VC158_2,HC03_VC159_2,HC03_VC160_2,HC03_VC161_4,HC03_VC162_2
366,low,HC03_VC156_3,HC03_VC157_1,HC03_VC158_4,HC03_VC159_3,HC03_VC160_2,HC03_VC161_3,HC03_VC162_2
367,low,HC03_VC156_4,HC03_VC157_1,HC03_VC158_1,HC03_VC159_3,HC03_VC160_2,HC03_VC161_4,HC03_VC162_3
368,low,HC03_VC156_2,HC03_VC157_2,HC03_VC158_1,HC03_VC159_1,HC03_VC160_1,HC03_VC161_3,HC03_VC162_2
369,low,HC03_VC156_2,HC03_VC157_3,HC03_VC158_2,HC03_VC159_3,HC03_VC160_1,HC03_VC161_2,HC03_VC162_1
370,low,HC03_VC156_2,HC03_VC157_2,HC03_VC158_1,HC03_VC159_1,HC03_VC160_2,HC03_VC161_3,HC03_VC162_3
371,low,HC03_VC156_2,HC03_VC157_3,HC03_VC158_1,HC03_VC159_2,HC03_VC160_2,HC03_VC161_2,HC03_VC162_3
372,low,HC03_VC156_2,HC03_VC157_2,HC03_VC158_4,HC03_VC159_2,HC03_VC160_1,HC03_VC161_1,HC03_VC162_2
373,low,HC03_VC156_3,HC03_VC157_1,HC03_VC158_3,HC03_VC159_1,HC03_VC160_2,HC03_VC161_3,HC03_VC162_3
374,low,HC03_VC156_4,HC03_VC157_4,HC03_VC158_4,HC03_VC159_3,HC03_VC160_2,HC03_VC161_1,HC03_VC162_1
375,low,HC03_VC156_3,HC03_VC157_1,HC03_VC158_4,HC03_VC159_1,HC03_VC160_2,HC03_VC161_3,HC03_VC162_3
376,low,HC03_VC156_1,HC03_VC157_2,HC03_VC158_1,HC03_VC159_2,HC03_VC160_2,HC03_VC161_4,HC03_VC162_2
377,low,HC03_VC156_1,HC03_VC157_4,HC03_VC158_4,HC03_VC159_3,HC03_VC160_1,HC03_VC161_1,HC03_VC162_3
378,low,HC03_VC156_1,HC03_VC157_1,HC03_VC158_4,HC03_VC159_2,HC03_VC160_1,HC03_VC161_2,HC03_VC162_3
379,low,HC03_VC156_1,HC03_VC157_3,HC03_VC158_1,HC03_VC159_1,HC03_VC160_2,HC03_VC161_3,HC03_VC162_1
380,low,HC03_VC156_1,HC03_VC157_4,HC03_VC158_2,HC03_VC159_1,HC03_VC160_2,HC03_VC161_3,HC03_VC162_3
381,low,HC03_VC156_3,HC03_VC157_1,HC03_VC158_4,HC03_VC159_3,HC03_VC160_1,HC03_VC161_3,HC03_VC162_2
382,low,HC03_VC156_2,HC03_VC157_2,HC03_VC158_4,HC03_VC159_1,HC03_VC160_1,HC03_VC161_2,HC03_VC162_3
383,low,HC03_VC156_3,HC03_VC157_3,HC03_VC158_3,HC03_VC159_3,HC03_VC160_2,HC03_VC161_1,HC03_VC162_3
384,low,HC03_VC156_1,HC03_VC157_3,HC03_VC158_3,HC03_VC159_2,HC03_VC160_2,HC03_VC161_2,HC03_VC162_2
385,low,HC03_VC156_4,HC03_VC157_1,HC03_VC158_4,HC03_VC159_3,HC03_VC160_2,HC03_VC161_4,HC03_VC162_3
386,low,HC03_VC156_3,HC03_VC157_1,HC03_VC158_4,HC03_VC159_3,HC03_VC160_2,HC03_VC161_2,HC03_VC162_1
387,low,HC03_VC156_3,HC03_VC157_3,HC03_VC158_2,HC03_VC159_3,HC03_VC160_1,HC03_VC161_2,HC03_VC162_3
388,low,HC03_VC156_2,HC03_VC157_1,HC03_VC158_1,HC03_VC159_3,HC03_VC160_2,HC03_VC161_3,HC03_VC162_1
389,low,HC03_VC156_4,HC03_VC157_2,HC03_VC158_2,HC03_VC159_3,HC03_VC160_1,HC03_VC161_4,HC03_VC162_1
390,low,HC03_VC156_2,HC03_VC157_2,HC03_VC158_2,HC03_VC159_2,HC03_VC160_1,HC03_VC161_4,HC03_VC162_1
391,low,HC03_VC156_3,HC03_VC157_2,HC03_VC158_3,HC03_VC159_1,HC03_VC160_2,HC03_VC161_3,HC03_VC162_2
392,low,HC03_VC156_3,HC03_VC157_2,HC03_VC158_1,HC03_VC159_2,HC03_VC160_1,HC03_VC161_3,HC03_VC162_1
393,low,HC03_VC156_2,HC03_VC157_2,HC03_VC158_2,HC03_VC159_2,HC03_VC160_1,HC03_VC161_3,HC03_VC162_1
394,low,HC03_VC156_4,HC03_VC157_1,HC03_VC158_2,HC03_VC159_3,HC03_VC160_2,HC03_VC161_4,HC03_VC162_1
395,low,HC03_VC156_3,HC03_VC157_2,HC03_VC158_1,HC03_VC159_3,HC03_VC160_1,HC03_VC161_3,HC03_VC162_1
396,low,HC03_VC156_2,HC03_VC157_3,HC03_VC158_4,HC03_VC159_1,HC03_VC160_2,HC03_VC161_1,HC03_VC162_2
397,low,HC03_VC156_4,HC03_VC157_1,HC03_VC158_2,HC03_VC159_3,HC03_VC160_2,HC03_VC161_4,HC03_VC162_3
398,low,HC03_VC156_3,HC03_VC157_1,HC03_VC158_4,HC03_VC159_1,HC03_VC160_1,HC03_VC161_4,HC03_VC162_1
399,low,HC03_VC156_4,HC03_VC157_4,HC03_VC158_4,HC03_VC159_3,HC03_VC160_2,HC03_VC161_1,HC03_VC162_3
400,low,HC03_VC156_4,HC03_VC157_1,HC03_VC158_3,HC03_VC159_3,HC03_VC160_2,HC03_VC161_4,HC03_VC162_1
401,low,HC03_VC156_3,HC03_VC157_3,HC03_VC158_2,HC03_VC159_3,HC03_VC160_2,HC03_VC161_2,HC03_VC162_1
402,low,HC03_VC156_4,HC03_VC157_1,HC03_VC158_4,HC03_VC159_3,HC03_VC160_1,HC03_VC161_4,HC03_VC162_3
403,low,HC03_VC156_2,HC03_VC157_1,HC03_VC158_2,HC03_VC159_2,HC03_VC160_2,HC03_VC161_3,HC03_VC162_2
404,low,HC03_VC156_2,HC03_VC157_1,HC03_VC158_3,HC03_VC159_2,HC03_VC160_2,HC03_VC161_3,HC03_VC162_2
405,low,HC03_VC156_3,HC03_VC157_2,HC03_VC158_4,HC03_VC159_1,HC03_VC160_2,HC03_VC161_4,HC03_VC162_3
406,low,HC03_VC156_3,HC03_VC157_2,HC03_VC158_1,HC03_VC159_2,HC03_VC160_1,HC03_VC161_4,HC03_VC162_3
407,low,HC03_VC156_3,HC03_VC157_4,HC03_VC158_3,HC03_VC159_2,HC03_VC160_2,HC03_VC161_1,HC03_VC162_3
408,low,HC03_VC156_1,HC03_VC157_3,HC03_VC158_2,HC03_VC159_3,HC03_VC160_1,HC03_VC161_2,HC03_VC162_1
409,low,HC03_VC156_2,HC03_VC157_1,HC03_VC158_3,HC03_VC159_2,HC03_VC160_2,HC03_VC161_2,HC03_VC162_2
410,low,HC03_VC156_1,HC03_VC157_2,HC03_VC158_1,HC03_VC159_2,HC03_VC160_1,HC03_VC161_4,HC03_VC162_1
411,low,HC03_VC156_3,HC03_VC157_2,HC03_VC158_3,HC03_VC159_3,HC03_VC160_2,HC03_VC161_2,HC03_VC162_1
412,low,HC03_VC156_1,HC03_VC157_3,HC03_VC158_3,HC03_VC159_1,HC03_VC160_1,HC03_VC161_1,HC03_VC162_2
413,low,HC03_VC156_2,HC03_VC157_3,HC03_VC158_4,HC03_VC159_3,HC03_VC160_1,HC03_VC161_1,HC03_VC162_2
414,low,HC03_VC156_4,HC03_VC157_1,HC03_VC158_2,HC03_VC159_3,HC03_VC160_1,HC03_VC161_4,HC03_VC162_3
415,low,HC03_VC156_3,HC03_VC157_2,HC03_VC158_2,HC03_VC159_1,HC03_VC160_2,HC03_VC161_3,HC03_VC162_3
416,low,HC03_VC156_4,HC03_VC157_1,HC03_VC158_4,HC03_VC159_3,HC03_VC160_2,HC03_VC161_2,HC03_VC162_1
417,low,HC03_VC156_4,HC03_VC157_2,HC03_VC158_2,HC03_VC159_3,HC03_VC160_2,HC03_VC161_3,HC03_VC162_1
418,low,HC03_VC156_1,HC03_VC157_2,HC03_VC158_3,HC03_VC159_3,HC03_VC160_1,HC03_VC161_2,HC03_VC162_3
419,low,HC03_VC156_1,HC03_VC157_2,HC03_VC158_1,HC03_VC159_1,HC03_VC160_1,HC03_VC161_3,HC03_VC162_2
420,low,HC03_VC156_4,HC03_VC157_1,HC03_VC158_4,HC03_VC159_3,HC03_VC160_2,HC03_VC161_4,HC03_VC162_3
421,low,HC03_VC156_3,HC03_VC157_4,HC03_VC158_4,HC03_VC159_3,HC03_VC160_2,HC03_VC161_1,HC03_VC162_3
422,low,HC03_VC156_3,HC03_VC157_3,HC03_VC158_1,HC03_VC159_1,HC03_VC160_1,HC03_VC161_3,HC03_VC162_1
423,low,HC03_VC156_1,HC03_VC157_1,HC03_VC158_3,HC03_VC159_3,HC03_VC160_2,HC03_VC161_4,HC03_VC162_1
424,low,HC03_VC156_3,HC03_VC157_2,HC03_VC158_3,HC03_VC159_3,HC03_VC160_2,HC03_VC161_1,HC03_VC162_3
425,low,HC03_VC156_4,HC03_VC157_1,HC03_VC158_4,HC03_VC159_3,HC03_VC160_2,HC03_VC161_4,HC03_VC162_3
426,low,HC03_VC156_1,HC03_VC157_3,HC03_VC158_3,HC03_VC159_1,HC03_VC160_1,HC03_VC161_1,HC03_VC162_3
427,low,HC03_VC156_4,HC03_VC157_3,HC03_VC158_1,HC03_VC159_1,HC03_VC160_2,HC03_VC161_4,HC03_VC162_1
428,low,HC03_VC156_3,HC03_VC157_2,HC03_VC158_1,HC03_VC159_3,HC03_VC160_2,HC03_VC161_3,HC03_VC162_3
429,low,HC03_VC156_2,HC03_VC157_1,HC03_VC158_3,HC03_VC159_3,HC03_VC160_1,HC03_VC161_3,HC03_VC162_1
430,low,HC03_VC156_3,HC03_VC157_2,HC03_VC158_4,HC03_VC159_1,HC03_VC160_2,HC03_VC161_2,HC03_VC162_2
431,low,HC03_VC156_1,HC03_VC157_1,HC03_VC158_2,HC03_VC159_3,HC03_VC160_1,HC03_VC161_3,HC03_VC162_1
432,low,HC03_VC156_4,HC03_VC157_4,HC03_VC158_1,HC03_VC159_3,HC03_VC160_2,HC03_VC161_4,HC03_VC162_3
433,low,HC03_VC156_2,HC03_VC157_2,HC03_VC158_2,HC03_VC159_1,HC03_VC160_2,HC03_VC161_3,HC03_VC162_2
434,low,HC03_VC156_4,HC03_VC157_2,HC03_VC158_1,HC03_VC159_3,HC03_VC160_2,HC03_VC161_4,HC03_VC162_3
435,low,HC03_VC156_2,HC03_VC157_1,HC03_VC158_3,HC03_VC159_1,HC03_VC160_2,HC03_VC161_3,HC03_VC162_2
436,low,HC03_VC156_3,HC03_VC157_1,HC03_VC158_2,HC03_VC159_3,HC03_VC160_2,HC03_VC161_4,HC03_VC162_3
437,low,HC03_VC156_2,HC03_VC157_1,HC03_VC158_2,HC03_VC159_3,HC03_VC160_1,HC03_VC161_3,HC03_VC162_2
438,low,HC03_VC156_1,HC03_VC157_2,HC03_VC158_1,HC03_VC159_2,HC03_VC160_1,HC03_VC161_3,HC03_VC162_3
439,low,HC03_VC156_3,HC03_VC157_2,HC03_VC158_2,HC03_VC159_3,HC03_VC160_1,HC03_VC161_3,HC03_VC162_1
440,low,HC03_VC156_4,HC03_VC157_4,HC03_VC158_4,HC03_VC159_3,HC03_VC160_2,HC03_VC161_1,HC03_VC162_3
441,low,HC03_VC156_4,HC03_VC157_1,HC03_VC158_4,HC03_VC159_3,HC03_VC160_2,HC03_VC161_4,HC03_VC162_3
442,low,HC03_VC156_4,HC03_VC157_1,HC03_VC158_4,HC03_VC159_3,HC03_VC160_2,HC03_VC161_2,HC03_VC162_3
443,low,HC03_VC156_2,HC03_VC157_3,HC03_VC158_3,HC03_VC159_3,HC03_VC160_2,HC03_VC161_1,HC03_VC162_1
444,low,HC03_VC156_4,HC03_VC157_4,HC03_VC158_4,HC03_VC159_3,HC03_VC160_2,HC03_VC161_1,HC03_VC162_3
445,low,HC03_VC156_4,HC03_VC157_4,HC03_VC158_1,HC03_VC159_3,HC03_VC160_2,HC03_VC161_1,HC03_VC162_3
446,low,HC03_VC156_3,HC03_VC157_4,HC03_VC158_2,HC03_VC159_1,HC03_VC160_1,HC03_VC161_2,HC03_VC162_3
447,low,HC03_VC156_4,HC03_VC157_3,HC03_VC158_1,HC03_VC159_3,HC03_VC160_2,HC03_VC161_2,HC03_VC162_3
448,low,HC03_VC156_4,HC03_VC157_1,HC03_VC158_3,HC03_VC159_3,HC03_VC160_2,HC03_VC161_4,HC03_VC162_3
449,low,HC03_VC156_4,HC03_VC157_4,HC03_VC158_4,HC03_VC159_3,HC03_VC160_1,HC03_VC161_1,HC03_VC162_3
450,low,HC03_VC156_2,HC03_VC157_3,HC03_VC158_4,HC03_VC159_2,HC03_VC160_1,HC03_VC161_1,HC03_VC162_3
451,low,HC03_VC156_4,HC03_VC157_4,HC03_VC158_1,HC03_VC159_3,HC03_VC160_2,HC03_VC161_4,HC03_VC162_3
452,low,HC03_VC156_3,HC03_VC157_4,HC03_VC158_4,HC03_VC159_2,HC03_VC160_2,HC03_VC161_1,HC03_VC162_3
453,low,HC03_VC156_4,HC03_VC157_1,HC03_VC158_2,HC03_VC159_3,HC03_VC160_2,HC03_VC161_4,HC03_VC162_3
454,low,HC03_VC156_4,HC03_VC157_3,HC03_VC158_1,HC03_VC159_3,HC03_VC160_2,HC03_VC161_4,HC03_VC162_3
455,low,HC03_VC156_4,HC03_VC157_1,HC03_VC158_1,HC03_VC159_3,HC03_VC160_2,HC03_VC161_4,HC03_VC162_3
456,low,HC03_VC156_4,HC03_VC157_1,HC03_VC158_4,HC03_VC159_3,HC03_VC160_2,HC03_VC161_4,HC03_VC162_3
457,low,HC03_VC156_4,HC03_VC157_1,HC03_VC158_2,HC03_VC159_3,HC03_VC160_2,HC03_VC161_4,HC03_VC162_3
458,low,HC03_VC156_3,HC03_VC157_3,HC03_VC158_1,HC03_VC159_3,HC03_VC160_2,HC03_VC161_4,HC03_VC162_1
459,low,HC03_VC156_4,HC03_VC157_4,HC03_VC158_4,HC03_VC159_3,HC03_VC160_2,HC03_VC161_1,HC03_VC162_3
